Magnitude,Depth,Day,Time,Longitude,Latitude,Region,Explore,Timestamp
4.6,58.6,2015-09-07,07:06:10,12.63,-88.25,OFF COAST OF CENTRAL AMERICA,5157944,1441634770
4.7,11.9,2015-09-07,05:51:17,8.61,-77.83,PANAMA-COLOMBIA BORDER REGION,5157939,1441630277
4.4,10,2015-09-07,00:37:39,39.17,40.33,TURKEY,5157930,1441611459
4.1,64.2,2015-09-06,03:21:37,35.94,78.4,EASTERN KASHMIR,5157862,1441534897
4.6,141,2015-09-05,23:14:54,3.96,-76.32,COLOMBIA,5157846,1441520094
4.2,30.8,2015-09-05,20:34:17,41.36,75.67,KYRGYZSTAN,5157841,1441510457
2.8,31,2015-09-05,17:47:41,19.11,-64.85,VIRGIN ISLANDS,5157968,1441500461
2.7,20,2015-09-05,17:45:31,19.31,-64.89,VIRGIN ISLANDS,5157966,1441500331
2.8,64,2015-09-05,17:29:21,19.24,-64.93,VIRGIN ISLANDS,5157964,1441499361
2.9,62,2015-09-05,17:23:46,19.19,-64.91,VIRGIN ISLANDS,5157965,1441499026
3.2,45,2015-09-05,17:09:45,19.41,-65.02,PUERTO RICO REGION,5157963,1441498185
2.6,11.5,2015-09-05,07:01:17,47.68,-70.05,"SOUTHERN QUEBEC, CANADA",5157857,1441461677
4.2,211.1,2015-09-05,04:15:24,36.5,70.25,"HINDU KUSH REGION, AFGHANISTAN",5157777,1441451724
2.8,86,2015-09-04,22:44:54,18.59,-65.17,PUERTO RICO REGION,5157761,1441431894
4,79.6,2015-09-04,20:45:57,36.74,70.69,"HINDU KUSH REGION, AFGHANISTAN",5157756,1441424757
4.7,11.1,2015-09-04,20:44:37,4.24,-82.75,SOUTH OF PANAMA,5157755,1441424677
4.8,10,2015-09-04,10:35:08,5.96,61.38,CARLSBERG RIDGE,5157703,1441388108
5.4,13.8,2015-09-04,04:49:38,40.93,47.51,EASTERN CAUCASUS,5157666,1441367378
4.1,15,2015-09-03,17:57:48,27.46,75.57,NORTHERN INDIA,5157594,1441328268
4.5,15,2015-09-03,15:30:49,52.41,89.76,"SOUTHWESTERN SIBERIA, RUSSIA",5157599,1441319449
4.5,16.2,2015-09-03,01:44:41,30.65,28.48,EGYPT,5157512,1441269881
4.2,31.3,2015-09-02,21:09:53,37.46,68.33,AFGHANISTAN-TAJIKISTAN BORD REG.,5157496,1441253393
4.2,115.1,2015-09-02,14:40:11,36.46,71.05,AFGHANISTAN-TAJIKISTAN BORD REG.,5157466,1441230011
5,10,2015-09-02,07:20:30,14.04,53.75,OWEN FRACTURE ZONE REGION,5157407,1441203630
2.9,9.2,2015-09-02,01:46:33,36.51,-89.57,"NEW MADRID, MISSOURI REGION",5157375,1441183593
4.9,10,2015-09-02,01:13:51,14.04,53.88,OWEN FRACTURE ZONE REGION,5157373,1441181631
4.1,15.5,2015-09-01,23:06:40,27.66,86.3,NEPAL,5157378,1441174000
4.7,240.2,2015-09-01,19:17:07,36.45,71.09,AFGHANISTAN-TAJIKISTAN BORD REG.,5157326,1441160227
3.4,71,2015-09-01,18:19:08,19.29,-64.88,VIRGIN ISLANDS,5157463,1441156748
3.2,41,2015-09-01,17:15:08,19.19,-64.21,VIRGIN ISLANDS,5157456,1441152908
3.3,50,2015-09-01,16:59:11,19.09,-64.17,VIRGIN ISLANDS,5157332,1441151951
2.8,24,2015-09-01,15:18:30,18.38,-67.11,MONA PASSAGE,5157322,1441145910
3.4,34,2015-09-01,13:30:50,19.28,-67,MONA PASSAGE,5157312,1441139450
4.4,38.9,2015-09-01,05:09:30,12.66,-89.21,OFF COAST OF CENTRAL AMERICA,5157233,1441109370
3.7,27.2,2015-09-01,02:33:24,37.32,44.81,TURKEY-IRAN BORDER REGION,5157227,1441100004
4.7,126.6,2015-08-31,16:13:41,38.34,73.85,TAJIKISTAN-XINJIANG BORDER REG.,5157166,1441062821
2.4,4.6,2015-08-31,15:29:24,36.09,-89.77,"NEW MADRID, MISSOURI REGION",5157154,1441060164
4.3,35,2015-08-31,13:44:39,13.05,-90.06,NEAR COAST OF GUATEMALA,5157159,1441053879
2.6,81,2015-08-31,00:55:34,18.55,-65.08,PUERTO RICO REGION,5157099,1441007734
4.3,75,2015-08-31,00:27:50,35.85,77.48,EASTERN KASHMIR,5157093,1441006070
4.4,141.3,2015-08-30,15:13:12,6.96,-73.16,NORTHERN COLOMBIA,5157055,1440972792
4.9,12.7,2015-08-30,14:38:41,37.13,57.8,TURKMENISTAN-IRAN BORDER REGION,5157051,1440970721
4.3,107.8,2015-08-30,13:32:00,10.86,-62.08,NEAR COAST OF VENEZUELA,5157036,1440966720
4.7,8.8,2015-08-30,13:28:01,37.78,21.25,SOUTHERN GREECE,5157037,1440966481
4.5,10,2015-08-30,13:17:34,27.63,85.64,NEPAL,5157041,1440965854
4.2,15.3,2015-08-29,20:26:19,40.17,77.56,KYRGYZSTAN-XINJIANG BORDER REG.,5156986,1440905179
4.6,10.5,2015-08-29,20:25:14,38.48,12.18,SICILY,5156981,1440905114
4,2.4,2015-08-29,18:47:04,46.28,13.61,AUSTRIA,5156977,1440899224
4,86.1,2015-08-29,18:12:49,36.29,27.69,DODECANESE ISLANDS,5156976,1440897169
4.1,28.7,2015-08-29,04:55:35,34.59,26.07,CRETE,5156922,1440849335
4.2,12.4,2015-08-28,19:21:57,25.41,89.52,INDIA-BANGLADESH BORDER REGION,5156964,1440814917
4.4,44.4,2015-08-28,13:26:42,41.74,80.84,"SOUTHERN XINJIANG, CHINA",5156868,1440793602
3.3,8.8,2015-08-27,22:47:51,46.18,-66.56,"NEW BRUNSWICK, CANADA",5156806,1440740871
2.6,8,2015-08-27,16:52:26,19.06,-64.54,VIRGIN ISLANDS,5156802,1440719546
2.8,12,2015-08-27,16:27:30,19.14,-64.48,VIRGIN ISLANDS,5156800,1440718050
4.5,10,2015-08-27,16:01:47,40.78,21.23,GREECE,5156798,1440716507
3.3,68,2015-08-27,15:47:29,18.97,-64.37,VIRGIN ISLANDS,5156797,1440715649
3.7,29,2015-08-27,15:42:14,19.18,-64.45,VIRGIN ISLANDS,5156796,1440715334
5.1,10,2015-08-27,10:50:57,26.92,-44.25,NORTHERN MID-ATLANTIC RIDGE,5156764,1440697857
4.8,26.7,2015-08-27,10:16:30,42.09,83.23,"NORTHERN XINJIANG, CHINA",5156758,1440695790
4.2,10,2015-08-27,00:47:19,34.27,25.57,CRETE,5156717,1440661639
4.8,25.8,2015-08-27,00:25:08,34.49,25.56,CRETE,5156716,1440660308
4.2,12.5,2015-08-26,23:01:46,37.27,37.02,TURKEY,5156707,1440655306
4.9,10,2015-08-26,22:00:01,27.06,-44.37,NORTHERN MID-ATLANTIC RIDGE,5156704,1440651601
5.2,10,2015-08-26,21:56:37,27.02,-44.39,NORTHERN MID-ATLANTIC RIDGE,5156701,1440651397
4.6,117,2015-08-26,14:48:07,37.24,71.58,AFGHANISTAN-TAJIKISTAN BORD REG.,5156674,1440625687
4.2,163.4,2015-08-26,13:18:30,37.38,71.88,AFGHANISTAN-TAJIKISTAN BORD REG.,5156660,1440620310
4.5,10,2015-08-26,12:00:09,7.05,-82.37,SOUTH OF PANAMA,5156644,1440615609
4.7,35,2015-08-26,10:23:02,13,-90.24,OFF COAST OF CENTRAL AMERICA,5156633,1440609782
5,10,2015-08-26,05:58:53,-0.81,-16.02,NORTH OF ASCENSION ISLAND,5156623,1440593933
4.8,10,2015-08-26,05:11:38,-0.83,-15.97,NORTH OF ASCENSION ISLAND,5156620,1440591098
3.2,90,2015-08-26,00:53:05,18.67,-64.02,VIRGIN ISLANDS,5157363,1440575585
3.1,41,2015-08-26,00:22:33,19.28,-64.8,VIRGIN ISLANDS,5157364,1440573753
3,24,2015-08-25,20:30:17,19.25,-65,PUERTO RICO REGION,5156891,1440559817
3.4,107,2015-08-25,19:57:28,19.36,-64.25,VIRGIN ISLANDS,5156888,1440557848
4.6,6.5,2015-08-25,17:36:33,35.57,52.6,NORTHERN IRAN,5156582,1440549393
3.2,65,2015-08-25,17:32:28,19.16,-64.95,VIRGIN ISLANDS,5156885,1440549148
4.1,17,2015-08-25,17:18:17,35.29,84.54,XIZANG,5156580,1440548297
3,10,2015-08-25,16:12:11,19.19,-64.98,VIRGIN ISLANDS,5156691,1440544331
3.3,63,2015-08-25,15:19:28,19.24,-65.03,PUERTO RICO REGION,5156688,1440541168
3,56,2015-08-25,15:00:52,19.19,-65.01,PUERTO RICO REGION,5156684,1440540052
3.1,54,2015-08-25,14:13:43,19.16,-64.98,VIRGIN ISLANDS,5156576,1440537223
2.6,39,2015-08-25,14:09:10,19.29,-65.03,PUERTO RICO REGION,5156573,1440536950
3.4,24,2015-08-25,14:07:15,19.31,-64.89,VIRGIN ISLANDS,5156574,1440536835
3.1,45,2015-08-25,13:36:54,19.34,-65.09,PUERTO RICO REGION,5156575,1440535014
3.5,12.7,2015-08-25,13:26:15,35.66,-89.68,TENNESSEE,5156550,1440534375
4.9,10,2015-08-25,13:23:24,28.42,-43.72,NORTHERN MID-ATLANTIC RIDGE,5156559,1440534204
4.1,55,2015-08-25,05:27:20,19.43,-66.32,PUERTO RICO REGION,5156537,1440505640
5.1,31.6,2015-08-25,03:29:35,4.99,93.31,OFF W COAST OF NORTHERN SUMATERA,5156528,1440498575
4.1,30.7,2015-08-24,16:23:52,37.24,55.17,TURKMENISTAN-IRAN BORDER REGION,5156475,1440458632
4.2,95,2015-08-24,16:09:15,36.97,30.71,TURKEY,5156474,1440457755
2.8,44,2015-08-24,14:28:02,18.74,-66.57,PUERTO RICO REGION,5156476,1440451682
1.4,6.4,2015-08-24,08:42:09,37.92,-77.96,VIRGINIA,5156491,1440430929
4.3,11.3,2015-08-24,04:25:20,40.77,21.2,GREECE,5156440,1440415520
3.5,22,2015-08-24,03:43:53,44.26,11.94,NORTHERN ITALY,5156489,1440413033
3.4,110,2015-08-24,03:36:28,19.47,-65.43,PUERTO RICO REGION,5157359,1440412588
2.6,13,2015-08-24,03:35:50,18.1,-64.44,VIRGIN ISLANDS,5157360,1440412550
2.1,5,2015-08-24,03:23:48,32.97,-80.16,SOUTH CAROLINA,5156436,1440411828
3,9,2015-08-24,03:09:48,18.27,-67.6,MONA PASSAGE,5157361,1440410988
4.4,14.2,2015-08-24,02:15:51,3.84,-71.21,COLOMBIA,5156432,1440407751
4.7,29.3,2015-08-23,20:39:46,0.87,97.9,"NORTHERN SUMATERA, INDONESIA",5156406,1440387586
4.7,32.7,2015-08-23,19:54:26,5.41,93.42,OFF W COAST OF NORTHERN SUMATERA,5156398,1440384866
4.3,35,2015-08-23,14:55:59,13,-89.59,OFF COAST OF CENTRAL AMERICA,5156377,1440366959
2.8,65,2015-08-23,13:17:25,17.99,-67.68,MONA PASSAGE,5156404,1440361045
5,35,2015-08-23,09:02:09,27.85,86.06,NEPAL,5156350,1440345729
5.2,49.3,2015-08-23,04:48:49,13.13,-90.23,NEAR COAST OF GUATEMALA,5156336,1440330529
2.9,91,2015-08-22,18:19:59,18.89,-68.07,MONA PASSAGE,5156308,1440292799
4.9,74.8,2015-08-22,13:03:10,14.4,-60.22,WINDWARD ISLANDS,5156289,1440273790
4.4,14,2015-08-22,10:00:19,6.05,-77.51,NEAR WEST COAST OF COLOMBIA,5156283,1440262819
4.5,185.5,2015-08-22,01:48:55,38.18,74.08,TAJIKISTAN-XINJIANG BORDER REG.,5156239,1440233335
3,5,2015-08-21,23:49:14,47.24,-66.29,"NEW BRUNSWICK, CANADA",5156607,1440226154
3.2,50,2015-08-21,21:00:36,19.17,-64.16,VIRGIN ISLANDS,5156225,1440216036
4.2,69.2,2015-08-21,16:04:45,13.31,-89.31,EL SALVADOR,5156410,1440198285
4.3,51.9,2015-08-21,14:16:22,4.51,-75.67,COLOMBIA,5156409,1440191782
4.7,32.1,2015-08-21,12:50:01,10.08,-62.99,NEAR COAST OF VENEZUELA,5156209,1440186601
4.6,11.3,2015-08-21,07:09:51,12,-87.95,NEAR COAST OF NICARAGUA,5156193,1440166191
3.4,38,2015-08-20,21:24:43,19.72,-64.58,VIRGIN ISLANDS,5156115,1440131083
3.9,45.4,2015-08-20,19:21:14,26.02,90.26,NORTHEASTERN INDIA,5156116,1440123674
4.4,46.7,2015-08-20,02:56:50,38.14,20.35,GREECE,5156027,1440064610
2.8,33,2015-08-20,02:45:41,37.99,-84.85,KENTUCKY,5156082,1440063941
4.6,10,2015-08-19,22:04:34,42.07,84.48,"NORTHERN XINJIANG, CHINA",5156014,1440047074
3.1,29,2015-08-19,13:53:49,19.73,-64.69,VIRGIN ISLANDS,5156000,1440017629
4.8,89,2015-08-19,11:04:26,19.7,-64.39,VIRGIN ISLANDS,5155964,1440007466
4.5,29.2,2015-08-19,11:02:12,43.79,88,"NORTHERN XINJIANG, CHINA",5155966,1440007332
4.5,38.4,2015-08-19,07:50:25,-1.07,-80.59,NEAR COAST OF ECUADOR,5156006,1439995825
3.8,23.7,2015-08-19,05:24:27,19.62,-75.43,CUBA REGION,5156011,1439987067
2.9,26,2015-08-19,02:39:26,17.53,-67.38,MONA PASSAGE,5157358,1439977166
3.5,88,2015-08-19,01:51:35,19.54,-65.36,PUERTO RICO REGION,5157354,1439974295
4.7,45,2015-08-19,00:46:45,4.26,95.38,"NORTHERN SUMATERA, INDONESIA",5155923,1439970405
4,52,2015-08-18,21:58:12,35.36,31.25,CYPRUS REGION,5155911,1439960292
4.9,29.8,2015-08-18,21:19:42,35.52,31.3,CYPRUS REGION,5155898,1439957982
4.3,23.7,2015-08-18,11:26:38,31.32,48.59,WESTERN IRAN,5155854,1439922398
4.5,52.8,2015-08-18,04:49:07,-1.19,-80.34,NEAR COAST OF ECUADOR,5155838,1439898547
4.1,64.3,2015-08-18,00:23:50,35.21,72.07,PAKISTAN,5155804,1439882630
2.5,10,2015-08-17,23:11:15,45.95,-74.85,"SOUTHERN ONTARIO, CANADA",5155798,1439878275
4,38.9,2015-08-17,22:56:45,13.37,-89.66,EL SALVADOR,5155939,1439877405
4.2,9.5,2015-08-17,22:23:57,27.91,86.13,NEPAL,5155794,1439875437
1.7,5,2015-08-17,20:45:27,43.38,-71.03,VERMONT-NEW HAMPSHIRE REGION,5156019,1439869527
2.6,5,2015-08-17,18:00:21,32.54,-90.11,MISSISSIPPI,5155795,1439859621
5.6,10,2015-08-17,16:16:59,13.7,51.8,EASTERN GULF OF ADEN,5155773,1439853419
3.3,61,2015-08-17,02:56:00,19.44,-66.32,PUERTO RICO REGION,5157346,1439805360
4.4,7.4,2015-08-17,02:24:09,37.59,69.43,AFGHANISTAN-TAJIKISTAN BORD REG.,5155742,1439803449
3.1,78,2015-08-17,02:18:04,18.65,-67.06,MONA PASSAGE,5157347,1439803084
3.6,85,2015-08-16,23:24:10,18.46,-68.63,MONA PASSAGE,5155735,1439792650
4.6,120.7,2015-08-16,21:35:32,13.14,93.65,"ANDAMAN ISLANDS, INDIA",5155731,1439786132
2.7,46,2015-08-16,15:53:53,18.69,-64.32,VIRGIN ISLANDS,5155726,1439765633
3.3,62,2015-08-16,15:18:30,19.45,-66.36,PUERTO RICO REGION,5155727,1439763510
3.1,46,2015-08-16,14:18:30,19.48,-66.26,PUERTO RICO REGION,5155728,1439759910
3.3,56,2015-08-16,14:05:30,19.42,-66.35,PUERTO RICO REGION,5155725,1439759130
4.5,31,2015-08-16,12:29:07,19.5,-66.27,PUERTO RICO REGION,5155700,1439753347
4.3,17.1,2015-08-16,11:47:46,23.23,-80.63,CUBA REGION,5155699,1439750866
1.1,5,2015-08-16,06:47:24,45.16,-69.1,MAINE,5155741,1439732844
4.6,10,2015-08-16,06:29:09,46.69,-27.27,NORTHERN MID-ATLANTIC RIDGE,5155686,1439731749
4.7,10,2015-08-16,05:53:21,46.73,-27.29,NORTHERN MID-ATLANTIC RIDGE,5155683,1439729601
3.7,8.3,2015-08-15,19:27:49,19.21,-67.92,MONA PASSAGE,5155644,1439692069
4.7,24.9,2015-08-15,18:11:41,27.65,85.89,NEPAL,5155647,1439687501
5.5,18.9,2015-08-14,18:03:04,21.11,-45.85,NORTHERN MID-ATLANTIC RIDGE,5155555,1439600584
5,10,2015-08-14,10:11:05,21.14,-45.8,NORTHERN MID-ATLANTIC RIDGE,5155528,1439572265
2.7,3.5,2015-08-14,07:41:24,40.75,-74.55,NEW JERSEY,5155523,1439563284
1.3,3.7,2015-08-14,02:16:21,39.85,-76.41,CHESAPEAKE BAY REGION,5155508,1439543781
2.3,0.6,2015-08-13,19:37:47,32.95,-88.01,MISSISSIPPI,5155483,1439519867
2.9,57,2015-08-13,16:17:05,19.19,-67.7,MONA PASSAGE,5155552,1439507825
3.3,20,2015-08-13,15:54:43,19.7,-64.35,VIRGIN ISLANDS,5155548,1439506483
3.2,36,2015-08-13,15:48:54,18.94,-67.93,MONA PASSAGE,5155549,1439506134
2.8,30,2015-08-13,15:38:42,19.05,-67.67,MONA PASSAGE,5155547,1439505522
2.8,80,2015-08-13,15:25:03,18.9,-67.78,MONA PASSAGE,5155545,1439504703
4.2,21.3,2015-08-13,06:26:37,34.56,24.95,CRETE,5155390,1439472397
4.7,30.5,2015-08-13,02:00:31,30.38,94.82,XIZANG,5155361,1439456431
4.5,44.3,2015-08-12,02:44:51,24.62,94.83,MYANMAR-INDIA BORDER REGION,5155248,1439372691
4.2,54.5,2015-08-11,23:33:39,12.91,-88.56,OFF COAST OF CENTRAL AMERICA,5155370,1439361219
4.9,15.5,2015-08-11,19:13:10,30.33,94.9,XIZANG,5155220,1439345590
2.6,94,2015-08-11,17:54:04,19.39,-65.61,PUERTO RICO REGION,5155290,1439340844
2.9,58,2015-08-11,17:21:07,19.17,-66.32,PUERTO RICO REGION,5155291,1439338867
2.5,6,2015-08-11,13:10:22,18.82,-67.05,MONA PASSAGE,5155209,1439323822
2.7,49,2015-08-11,08:50:08,18.75,-64.26,VIRGIN ISLANDS,5156953,1439308208
2.9,12,2015-08-11,08:49:04,18.92,-64.36,VIRGIN ISLANDS,5156954,1439308144
3.6,6.4,2015-08-11,04:57:41,27.69,85.33,NEPAL,5155175,1439294261
3.4,72,2015-08-11,00:47:43,19.53,-64.87,VIRGIN ISLANDS,5157230,1439279263
4.4,10,2015-08-10,23:56:29,40.65,64.01,NORTHWESTERN UZBEKISTAN,5155153,1439276189
3.2,51,2015-08-10,21:46:43,19.48,-66.34,PUERTO RICO REGION,5157087,1439268403
2.9,15,2015-08-10,21:15:53,18.87,-64.96,VIRGIN ISLANDS,5156730,1439266553
4.8,15.1,2015-08-10,16:59:48,11.07,-67.41,CARIBBEAN SEA,5155129,1439251188
4.4,10,2015-08-10,16:59:42,5.29,-72.55,COLOMBIA,5157035,1439251182
4,20.3,2015-08-10,12:31:07,41.1,74.06,KYRGYZSTAN,5156947,1439235067
3.3,70,2015-08-10,11:26:07,19.53,-65.55,PUERTO RICO REGION,5156940,1439231167
5.7,224,2015-08-10,10:05:25,36.52,71.2,AFGHANISTAN-TAJIKISTAN BORD REG.,5155110,1439226325
4.9,15.9,2015-08-10,07:35:26,41.8,87.84,"SOUTHERN XINJIANG, CHINA",5155106,1439217326
3.1,30,2015-08-10,03:19:17,19.48,-66.3,PUERTO RICO REGION,5156731,1439201957
1.6,6.4,2015-08-10,00:54:10,43.19,-71.26,VERMONT-NEW HAMPSHIRE REGION,5155247,1439193250
4.3,42,2015-08-09,22:30:59,35.42,22.52,CENTRAL MEDITERRANEAN SEA,5155087,1439184659
4.2,10,2015-08-09,22:30:26,28.23,84.8,NEPAL,5155088,1439184626
4.6,51,2015-08-09,21:39:22,38.18,21.88,GREECE,5155076,1439181562
4.7,103.6,2015-08-09,19:36:17,10.82,-72.12,VENEZUELA,5155067,1439174177
3.2,92,2015-08-09,15:28:12,19.42,-66.32,PUERTO RICO REGION,5155071,1439159292
3.4,76,2015-08-09,14:29:16,19.35,-66.34,PUERTO RICO REGION,5155052,1439155756
3.4,113,2015-08-09,14:23:26,19.14,-66.38,PUERTO RICO REGION,5155053,1439155406
3.5,74,2015-08-09,13:25:37,19.47,-66.4,PUERTO RICO REGION,5155054,1439151937
3,34,2015-08-09,12:40:43,19.35,-64.7,VIRGIN ISLANDS,5156938,1439149243
3,14,2015-08-09,12:03:33,19.54,-66.32,PUERTO RICO REGION,5156930,1439147013
3.3,49,2015-08-09,11:50:37,19.57,-66.35,PUERTO RICO REGION,5156931,1439146237
2.7,34,2015-08-09,10:03:01,19.64,-64.63,VIRGIN ISLANDS,5156856,1439139781
2.8,12,2015-08-09,09:52:12,18.17,-65.67,PUERTO RICO REGION,5156857,1439139132
2.6,22,2015-08-09,09:23:26,19.06,-67.89,MONA PASSAGE,5156853,1439137406
3,84,2015-08-09,09:18:18,18.82,-67.76,MONA PASSAGE,5156854,1439137098
5,10,2015-08-09,08:36:13,5.2,-82.63,SOUTH OF PANAMA,5155035,1439134573
2.1,8.4,2015-08-09,07:54:19,36.29,-89.5,"NEW MADRID, MISSOURI REGION",5155042,1439132059
4.5,9.9,2015-08-09,07:05:58,13.67,-88.48,EL SALVADOR,5155031,1439129158
2.8,34,2015-08-09,03:54:57,19.15,-66.78,PUERTO RICO REGION,5157382,1439117697
3,19,2015-08-09,03:31:48,18.77,-65.1,PUERTO RICO REGION,5157383,1439116308
2.2,6.7,2015-08-09,02:07:06,39.06,-76.8,CHESAPEAKE BAY REGION,5155016,1439111226
2.5,41,2015-08-08,21:12:23,18.74,-64.21,VIRGIN ISLANDS,5156924,1439093543
4.4,24,2015-08-08,17:22:23,39.27,21.48,GREECE,5155001,1439079743
3,57,2015-08-08,17:00:46,19.12,-64.48,VIRGIN ISLANDS,5155191,1439078446
4.6,10,2015-08-08,14:08:55,40.64,64.06,NORTHWESTERN UZBEKISTAN,5154992,1439068135
4,10,2015-08-07,22:13:10,38.65,70.57,AFGHANISTAN-TAJIKISTAN BORD REG.,5157224,1439010790
4.4,103.6,2015-08-07,22:00:17,36.1,70.46,"HINDU KUSH REGION, AFGHANISTAN",5154924,1439010017
2.8,4.1,2015-08-07,21:23:39,35.36,-90.07,ARKANSAS,5154919,1439007819
2.7,91,2015-08-07,21:03:18,18.27,-67.21,MONA PASSAGE,5157225,1439006598
5.1,31.4,2015-08-07,13:48:35,1.07,-85.33,OFF COAST OF ECUADOR,5154891,1438980515
2.5,8.7,2015-08-07,12:34:04,36.87,-89.42,"NEW MADRID, MISSOURI REGION",5154888,1438976044
5.3,10,2015-08-07,12:18:49,1.08,-85.2,OFF COAST OF ECUADOR,5154885,1438975129
3.2,50,2015-08-07,06:59:36,19.53,-66.28,PUERTO RICO REGION,5157016,1438955976
2.5,66,2015-08-07,06:02:04,18.98,-66.47,PUERTO RICO REGION,5157013,1438952524
2.8,12,2015-08-07,05:47:30,18.68,-65.04,PUERTO RICO REGION,5157005,1438951650
3.2,50,2015-08-07,05:31:27,19.54,-66.35,PUERTO RICO REGION,5157006,1438950687
2.7,41,2015-08-07,05:07:19,19.53,-66.24,PUERTO RICO REGION,5157004,1438949239
1.2,2.5,2015-08-07,02:40:43,45.08,-69.4,MAINE,5154951,1438940443
3.1,34,2015-08-07,02:13:17,19.62,-64.55,VIRGIN ISLANDS,5156709,1438938797
4.3,220.7,2015-08-07,01:54:22,36.52,70.01,"HINDU KUSH REGION, AFGHANISTAN",5154863,1438937662
4.3,10,2015-08-07,01:50:26,-2.27,28.85,LAKE TANGANYIKA REGION,5156708,1438937426
3.4,61,2015-08-07,01:31:36,19.59,-66.06,PUERTO RICO REGION,5156705,1438936296
5.5,10,2015-08-07,01:28:37,-2.09,28.95,LAKE TANGANYIKA REGION,5154861,1438936117
5.8,11,2015-08-07,01:25:02,-2.15,28.89,LAKE TANGANYIKA REGION,5154857,1438935902
3.3,49,2015-08-07,00:48:04,19.42,-66.34,PUERTO RICO REGION,5157113,1438933684
3.2,67,2015-08-07,00:22:20,19.44,-66.36,PUERTO RICO REGION,5157195,1438932140
3,32,2015-08-07,00:06:35,19.01,-65.6,PUERTO RICO REGION,5157114,1438931195
2.9,62,2015-08-06,23:53:01,19.04,-66.42,PUERTO RICO REGION,5157115,1438930381
2.9,41,2015-08-06,23:50:29,19.07,-66.43,PUERTO RICO REGION,5157182,1438930229
5,10,2015-08-06,21:36:58,0.81,-28.54,CENTRAL MID-ATLANTIC RIDGE,5154830,1438922218
4.8,34.5,2015-08-06,12:34:07,30.38,94.82,XIZANG,5154800,1438889647
2.8,40,2015-08-06,08:44:04,19.17,-66.9,PUERTO RICO REGION,5156958,1438875844
2.6,34,2015-08-06,08:18:43,19.61,-64.79,VIRGIN ISLANDS,5156959,1438874323
3.2,24,2015-08-06,08:08:21,19.67,-64.81,VIRGIN ISLANDS,5156960,1438873701
2.7,39,2015-08-06,08:00:36,19.17,-66.99,PUERTO RICO REGION,5156961,1438873236
3.1,89,2015-08-06,07:52:38,19.31,-66.33,PUERTO RICO REGION,5156962,1438872758
2.5,24,2015-08-06,07:32:27,19.07,-64.25,VIRGIN ISLANDS,5156870,1438871547
2.5,79,2015-08-06,07:23:11,18.59,-65.68,PUERTO RICO REGION,5156863,1438870991
3.1,47,2015-08-05,23:33:54,19.34,-66.21,PUERTO RICO REGION,5156339,1438842834
4.3,10,2015-08-05,23:19:34,27.3,66.04,PAKISTAN,5154727,1438841974
3.3,65,2015-08-05,22:10:53,19.35,-66.36,PUERTO RICO REGION,5156340,1438837853
4.8,10,2015-08-05,21:04:28,35.62,81.57,"SOUTHERN XINJIANG, CHINA",5154704,1438833868
3,70,2015-08-05,18:24:48,19.46,-66.35,PUERTO RICO REGION,5154707,1438824288
2.8,103,2015-08-05,15:54:12,18.45,-68.03,MONA PASSAGE,5156592,1438815252
3,40,2015-08-05,15:22:26,19.02,-65.35,PUERTO RICO REGION,5156176,1438813346
3.1,74,2015-08-05,11:00:11,19.45,-66.32,PUERTO RICO REGION,5157026,1438797611
3.4,64,2015-08-05,10:34:24,19.34,-66.3,PUERTO RICO REGION,5157028,1438796064
3.4,88,2015-08-05,10:00:40,19.48,-66.36,PUERTO RICO REGION,5157034,1438794040
3.4,50,2015-08-05,09:23:46,19.57,-66.27,PUERTO RICO REGION,5157031,1438791826
2.7,18,2015-08-05,07:56:05,45.89,-75.57,"SOUTHERN ONTARIO, CANADA",5154751,1438786565
3.5,3.1,2015-08-05,07:37:51,45.95,-75.57,"SOUTHERN ONTARIO, CANADA",5154680,1438785471
4.5,28.5,2015-08-05,07:30:02,19.28,-66.32,PUERTO RICO REGION,5154648,1438785002
3.4,92,2015-08-05,02:36:42,18.89,-68.39,MONA PASSAGE,5156177,1438767402
3.3,45,2015-08-05,02:11:12,19.68,-64.62,VIRGIN ISLANDS,5156178,1438765872
3.1,126,2015-08-05,01:56:38,18.26,-64.99,VIRGIN ISLANDS,5156166,1438764998
2.7,44,2015-08-05,01:13:06,19.67,-64.49,VIRGIN ISLANDS,5156167,1438762386
2.5,42,2015-08-05,01:11:50,18.87,-64.14,VIRGIN ISLANDS,5156159,1438762310
3,105,2015-08-05,01:09:21,19.37,-65.35,PUERTO RICO REGION,5156160,1438762161
3,46,2015-08-05,00:08:22,19.62,-64.68,VIRGIN ISLANDS,5156157,1438758502
3.3,41,2015-08-04,23:55:28,19.68,-64.55,VIRGIN ISLANDS,5156155,1438757728
4.2,50.3,2015-08-04,22:18:25,34.39,70.17,AFGHANISTAN,5154706,1438751905
3.3,95,2015-08-04,17:46:57,18.06,-68.46,MONA PASSAGE,5154603,1438735617
4.7,121.5,2015-08-04,16:44:40,36.5,71.06,AFGHANISTAN-TAJIKISTAN BORD REG.,5154587,1438731880
3.4,25,2015-08-04,13:56:17,19.53,-64.85,VIRGIN ISLANDS,5154571,1438721777
3.1,24,2015-08-04,13:28:53,19.02,-66.28,PUERTO RICO REGION,5154584,1438720133
3,54,2015-08-04,07:49:16,18.81,-67.36,MONA PASSAGE,5156284,1438699756
4.5,10,2015-08-04,07:03:45,28.51,-43.59,NORTHERN MID-ATLANTIC RIDGE,5156285,1438697025
3.1,32,2015-08-03,23:38:09,18.94,-68.06,MONA PASSAGE,5156260,1438670289
3,24,2015-08-03,23:28:56,18.92,-67.99,MONA PASSAGE,5154537,1438669736
2.9,35,2015-08-03,23:12:35,19.24,-67.65,MONA PASSAGE,5155745,1438668755
2.8,27,2015-08-03,22:54:07,19.14,-67.71,MONA PASSAGE,5156141,1438667647
4.7,13.5,2015-08-03,20:47:46,11.79,92.23,"ANDAMAN ISLANDS, INDIA",5154524,1438660066
5,52.7,2015-08-03,19:55:40,4.64,95.11,"NORTHERN SUMATERA, INDONESIA",5154517,1438656940
4.8,10,2015-08-03,15:34:12,28.43,-43.66,NORTHERN MID-ATLANTIC RIDGE,5154514,1438641252
4.9,10,2015-08-03,14:45:37,28.42,-43.68,NORTHERN MID-ATLANTIC RIDGE,5154495,1438638337
4.1,120.5,2015-08-03,14:37:11,38.54,73.94,TAJIKISTAN-XINJIANG BORDER REG.,5154493,1438637831
5.3,27.3,2015-08-03,13:16:03,27.39,65.91,PAKISTAN,5154485,1438632963
3.4,140,2015-08-03,13:01:18,19.46,-65.39,PUERTO RICO REGION,5154515,1438632078
2.8,48,2015-08-03,12:51:05,18.88,-65.26,PUERTO RICO REGION,5156278,1438631465
4.4,19.9,2015-08-03,07:27:51,39.15,16.61,SOUTHERN ITALY,5154476,1438612071
3,26,2015-08-03,00:37:33,18.85,-64.26,VIRGIN ISLANDS,5154459,1438587453
4.2,73.2,2015-08-02,18:57:46,10.62,-62.42,NEAR COAST OF VENEZUELA,5154434,1438567066
4.4,244.3,2015-08-02,06:58:07,39.46,15.62,SOUTHERN ITALY,5154402,1438523887
4.8,27.5,2015-08-02,05:58:04,30.31,94.8,XIZANG,5154398,1438520284
1.4,5,2015-08-02,03:46:48,44.36,-72.42,VERMONT-NEW HAMPSHIRE REGION,5154457,1438512408
2.2,3.1,2015-08-02,02:34:27,43.17,-71.27,VERMONT-NEW HAMPSHIRE REGION,5154381,1438508067
3.9,6.5,2015-08-01,20:47:51,45.9,10.77,NORTHERN ITALY,5154445,1438487271
3.1,74,2015-08-01,18:17:26,19.6,-65.47,PUERTO RICO REGION,5154361,1438478246
2.5,9.2,2015-08-01,15:39:36,36.5,-89.47,"NEW MADRID, MISSOURI REGION",5154340,1438468776
2.6,29,2015-07-31,20:52:08,19.1,-66.46,PUERTO RICO REGION,5154345,1438401128
2.6,38,2015-07-31,20:39:11,19.14,-66.47,PUERTO RICO REGION,5154341,1438400351
2.6,49,2015-07-31,20:25:39,19.06,-66.48,PUERTO RICO REGION,5154342,1438399539
3.3,35,2015-07-31,20:15:24,19.12,-66.48,PUERTO RICO REGION,5154297,1438398924
5.2,37.6,2015-07-31,10:06:35,30.08,57.65,NORTHERN IRAN,5154269,1438362395
4.9,10,2015-07-31,03:18:17,30.32,94.93,XIZANG,5154231,1438337897
3.5,50,2015-07-30,23:56:29,19.45,-66.34,PUERTO RICO REGION,5154222,1438325789
3.8,34.6,2015-07-30,22:28:57,18.09,-62.88,LEEWARD ISLANDS,5154212,1438320537
4.8,34,2015-07-30,15:04:11,34.3,33.65,CYPRUS REGION,5154191,1438293851
4.1,14.4,2015-07-30,02:39:04,31.1,35.41,DEAD SEA REGION,5154202,1438249144
5.1,10,2015-07-29,22:00:53,36.55,34.93,TURKEY,5154145,1438232453
3.4,13.9,2015-07-29,19:46:03,57.79,11.9,SWEDEN,5154148,1438224363
3,30,2015-07-29,14:20:37,19.51,-66.34,PUERTO RICO REGION,5154133,1438204837
3.3,19,2015-07-29,13:28:23,19.62,-64.69,VIRGIN ISLANDS,5154108,1438201703
4.1,129.2,2015-07-29,00:27:00,18.47,-68.88,MONA PASSAGE,5154037,1438154820
5.9,10,2015-07-29,00:10:24,8.24,-77.3,PANAMA-COLOMBIA BORDER REGION,5154035,1438153824
2.9,134,2015-07-28,20:03:34,18.65,-64.49,VIRGIN ISLANDS,5154189,1438139014
3.4,87,2015-07-28,20:01:13,19.25,-64.72,VIRGIN ISLANDS,5154008,1438138873
2.5,11,2015-07-28,18:49:39,36.17,-89.46,"NEW MADRID, MISSOURI REGION",5154003,1438134579
2.1,6.5,2015-07-28,12:50:14,12.11,-86.26,NICARAGUA,5154018,1438113014
4.4,21.4,2015-07-28,11:37:55,13.91,-58.67,NORTH ATLANTIC OCEAN,5153887,1438108675
2.2,10.1,2015-07-28,11:03:47,36.22,-89.44,"NEW MADRID, MISSOURI REGION",5153882,1438106627
4.9,31.9,2015-07-28,09:40:50,30.3,94.8,XIZANG,5153879,1438101650
4.5,28.9,2015-07-28,02:42:20,-5.93,-75.14,NORTHERN PERU,5153861,1438076540
3.3,70,2015-07-27,23:58:36,19.69,-65.45,PUERTO RICO REGION,5153848,1438066716
2.7,86,2015-07-27,15:55:58,19.15,-64.55,VIRGIN ISLANDS,5153831,1438037758
3.2,42,2015-07-27,15:26:22,18.94,-67.92,MONA PASSAGE,5153827,1438035982
4,154,2015-07-27,14:18:09,18.55,-68.97,MONA PASSAGE,5153809,1438031889
2.3,12.8,2015-07-27,07:37:46,36.02,-83.64,TENNESSEE,5153794,1438007866
4.5,28.6,2015-07-27,02:23:44,34.74,22.87,CENTRAL MEDITERRANEAN SEA,5153852,1437989024
4.9,35,2015-07-26,23:55:42,0.42,97,OFF W COAST OF NORTHERN SUMATERA,5153739,1437980142
4.4,9.1,2015-07-26,18:40:42,40.43,24.01,AEGEAN SEA,5153728,1437961242
3,33,2015-07-26,16:43:36,19.1,-65.94,PUERTO RICO REGION,5153833,1437954216
3,38,2015-07-26,13:52:12,19.16,-65.91,PUERTO RICO REGION,5153705,1437943932
4.2,154.3,2015-07-26,13:09:22,6.8,-73.09,NORTHERN COLOMBIA,5153698,1437941362
4.2,141.4,2015-07-26,10:13:06,6.95,-73.13,NORTHERN COLOMBIA,5153686,1437930786
4.5,96,2015-07-26,10:04:11,36.74,71.5,AFGHANISTAN-TAJIKISTAN BORD REG.,5153685,1437930251
4.7,11.1,2015-07-25,19:55:23,13.89,-58.99,NORTH ATLANTIC OCEAN,5153632,1437879323
4,1.1,2015-07-25,18:35:53,37.11,28.79,TURKEY,5153628,1437874553
3.1,102,2015-07-25,18:02:20,19.42,-65.29,PUERTO RICO REGION,5153895,1437872540
4.7,40.4,2015-07-25,16:10:46,30.03,57.71,NORTHERN IRAN,5153622,1437865846
4.6,39.1,2015-07-24,21:30:07,33.3,73.3,PAKISTAN,5153557,1437798607
5.1,19.2,2015-07-24,20:59:54,33.88,73.23,PAKISTAN,5153554,1437796794
4.1,45.1,2015-07-24,20:30:22,11.22,-86.43,NEAR COAST OF NICARAGUA,5153556,1437795022
4.2,85.5,2015-07-24,19:51:19,19.19,-69.66,DOMINICAN REPUBLIC REGION,5153559,1437792679
2.6,12,2015-07-24,17:36:53,18.48,-64.63,VIRGIN ISLANDS,5153621,1437784613
5,39.4,2015-07-24,13:23:48,37.47,78.1,"SOUTHERN XINJIANG, CHINA",5153536,1437769428
5.2,141.7,2015-07-24,09:58:38,36.62,26.84,DODECANESE ISLANDS,5153522,1437757118
4.2,2.9,2015-07-24,06:54:10,40.24,26.29,TURKEY,5153510,1437746050
4.8,10,2015-07-24,02:39:43,40.31,26.26,TURKEY,5153493,1437730783
4.3,10,2015-07-24,01:26:02,40.29,26.26,TURKEY,5153487,1437726362
4.9,12,2015-07-23,20:22:40,17.59,-82.67,NORTH OF HONDURAS,5153479,1437708160
2.9,85,2015-07-23,16:26:58,18.93,-67.7,MONA PASSAGE,5153542,1437694018
2.7,37,2015-07-23,16:11:21,18.98,-67.69,MONA PASSAGE,5153540,1437693081
4.9,10,2015-07-23,12:01:22,21.22,-45.71,NORTHERN MID-ATLANTIC RIDGE,5153454,1437678082
5.1,10,2015-07-23,03:56:54,-0.69,-21.16,CENTRAL MID-ATLANTIC RIDGE,5153417,1437649014
4.7,10,2015-07-22,22:00:35,30.33,94.89,XIZANG,5153397,1437627635
4,12.3,2015-07-22,16:29:47,27.64,85.2,NEPAL,5153392,1437607787
2.3,19.5,2015-07-22,07:43:01,41.79,-71.39,SOUTHERN NEW ENGLAND,5153340,1437576181
5.6,53.3,2015-07-22,05:35:43,5.02,94.77,"NORTHERN SUMATERA, INDONESIA",5153330,1437568543
3.4,12.8,2015-07-22,04:35:46,37.35,-8.53,PORTUGAL,5153390,1437564946
4.5,23.5,2015-07-22,00:12:06,2.32,96.25,"NORTHERN SUMATERA, INDONESIA",5153309,1437549126
4.8,11,2015-07-21,19:21:29,38.88,69.76,TAJIKISTAN,5153293,1437531689
4.3,11.9,2015-07-21,16:29:16,34.73,32.95,CYPRUS REGION,5153287,1437521356
4.7,34.3,2015-07-21,15:10:20,30.37,94.85,XIZANG,5153281,1437516620
1.4,4.2,2015-07-21,11:49:20,43.75,-71.66,VERMONT-NEW HAMPSHIRE REGION,5153265,1437504560
2.7,13.6,2015-07-21,03:10:45,36.45,-83.74,TENNESSEE,5153264,1437473445
4.7,26.2,2015-07-21,01:27:10,19.12,96.27,MYANMAR,5153229,1437467230
4.8,10,2015-07-20,23:59:56,24.39,-46.2,NORTHERN MID-ATLANTIC RIDGE,5153226,1437461996
4.4,18.8,2015-07-20,23:08:17,13.83,-58.99,NORTH ATLANTIC OCEAN,5153220,1437458897
4.5,14.4,2015-07-20,22:59:27,13.85,-59.14,WINDWARD ISLANDS,5153223,1437458367
4.9,34.8,2015-07-20,15:28:44,30.33,94.93,XIZANG,5153194,1437431324
4.4,70.6,2015-07-20,12:01:03,13.71,-90.2,NEAR COAST OF GUATEMALA,5153168,1437418863
4.2,35,2015-07-20,01:24:17,13.19,-90.24,NEAR COAST OF GUATEMALA,5153151,1437380657
2.9,60,2015-07-20,00:06:13,18.9,-67.75,MONA PASSAGE,5153753,1437375973
3.1,71,2015-07-20,00:04:36,19.02,-67.71,MONA PASSAGE,5154314,1437375876
4.1,84.4,2015-07-19,23:57:49,36.9,71.13,AFGHANISTAN-TAJIKISTAN BORD REG.,5154311,1437375469
3.7,94,2015-07-19,20:17:49,19.48,-65.48,PUERTO RICO REGION,5153136,1437362269
3,39,2015-07-19,16:50:05,19.26,-68.76,NORTH ATLANTIC OCEAN,5153176,1437349805
3,22,2015-07-19,15:16:43,19.13,-66.83,PUERTO RICO REGION,5153177,1437344203
3.1,45,2015-07-19,15:01:58,19.05,-66.83,PUERTO RICO REGION,5153171,1437343318
3.6,124,2015-07-19,14:18:04,19.24,-65.46,PUERTO RICO REGION,5153172,1437340684
3,70,2015-07-19,13:56:22,18.95,-67.76,MONA PASSAGE,5153173,1437339382
2.8,24,2015-07-19,13:55:34,18.9,-67.7,MONA PASSAGE,5153174,1437339334
3.2,75,2015-07-19,13:34:16,19.57,-65.4,PUERTO RICO REGION,5153170,1437338056
3,38,2015-07-19,13:22:43,19.03,-67.83,MONA PASSAGE,5153135,1437337363
2.8,31,2015-07-19,13:12:38,19.11,-65.03,PUERTO RICO REGION,5153133,1437336758
4.9,12.1,2015-07-19,11:16:21,2.76,-78.9,NEAR WEST COAST OF COLOMBIA,5153107,1437329781
4.5,10,2015-07-19,06:34:12,13.79,-58.24,NORTH ATLANTIC OCEAN,5153100,1437312852
4.3,143.4,2015-07-19,01:26:13,37.94,72.48,TAJIKISTAN,5153082,1437294373
4.4,10,2015-07-18,23:48:08,30.42,79.12,XIZANG-INDIA BORDER REGION,5153080,1437288488
3,16,2015-07-18,23:26:26,38.74,-9.3,PORTUGAL,5153144,1437287186
2.7,65,2015-07-18,18:27:30,18.92,-67.74,MONA PASSAGE,5153074,1437269250
3,83,2015-07-18,18:13:26,18.73,-67.8,MONA PASSAGE,5153075,1437268406
2.5,18,2015-07-18,17:59:19,18.63,-67.8,MONA PASSAGE,5153072,1437267559
3,23,2015-07-18,17:29:54,18.94,-67.71,MONA PASSAGE,5153073,1437265794
2.9,45,2015-07-18,17:11:12,18.84,-67.63,MONA PASSAGE,5153070,1437264672
2.4,3.6,2015-07-18,13:30:28,36.27,-89.29,"NEW MADRID, MISSOURI REGION",5153048,1437251428
5.1,10,2015-07-18,05:41:26,30.36,94.82,XIZANG,5153028,1437223286
3.2,20,2015-07-18,00:31:32,18.85,-64.2,VIRGIN ISLANDS,5154312,1437204692
2.8,29,2015-07-17,23:34:18,19.11,-67.92,MONA PASSAGE,5154309,1437201258
4.1,5.8,2015-07-17,22:53:20,35.63,67.6,"HINDU KUSH REGION, AFGHANISTAN",5153666,1437198800
3.4,53,2015-07-17,22:26:10,19.66,-65.5,PUERTO RICO REGION,5153767,1437197170
3,24,2015-07-17,22:18:47,19.06,-67.95,MONA PASSAGE,5154310,1437196727
3.1,42,2015-07-17,21:50:12,19.54,-66.27,PUERTO RICO REGION,5153766,1437195012
2.6,27.8,2015-07-17,20:46:45,19.1,-64.32,VIRGIN ISLANDS,5153069,1437191205
4.1,13.7,2015-07-17,19:51:18,36.83,69.25,"HINDU KUSH REGION, AFGHANISTAN",5152994,1437187878
4.3,7.9,2015-07-17,19:36:51,36.92,69.27,"HINDU KUSH REGION, AFGHANISTAN",5152990,1437187011
3.4,147,2015-07-17,19:35:53,17.9,-68.69,MONA PASSAGE,5153062,1437186953
3.1,85,2015-07-17,18:20:50,18.98,-67.75,MONA PASSAGE,5153052,1437182450
4.6,6.8,2015-07-17,18:06:34,13.93,-58.96,NORTH ATLANTIC OCEAN,5152980,1437181594
2.9,8,2015-07-17,17:58:41,18.92,-64.39,VIRGIN ISLANDS,5152987,1437181121
3,71,2015-07-17,17:11:11,19,-67.77,MONA PASSAGE,5152985,1437178271
4.3,10,2015-07-17,12:23:06,19.44,-73.73,HAITI REGION,5152967,1437160986
3.3,38,2015-07-17,09:09:26,19.13,-67.68,MONA PASSAGE,5152956,1437149366
4.5,29.8,2015-07-17,03:35:28,18.85,-67.6,MONA PASSAGE,5152935,1437129328
3,34,2015-07-17,02:41:22,19.15,-68.03,NORTH ATLANTIC OCEAN,5154393,1437126082
3,13,2015-07-17,02:18:14,19.03,-67.62,MONA PASSAGE,5154388,1437124694
2.8,10,2015-07-17,01:44:56,18.83,-67.32,MONA PASSAGE,5154386,1437122696
2.9,30,2015-07-17,01:39:41,19.1,-67.61,MONA PASSAGE,5154387,1437122381
3.1,31,2015-07-17,01:10:26,18.96,-68,MONA PASSAGE,5154379,1437120626
3.1,24,2015-07-17,00:21:16,19.04,-67.64,MONA PASSAGE,5154236,1437117676
2.7,49,2015-07-16,23:48:26,19.18,-67.7,MONA PASSAGE,5154253,1437115706
2.5,53,2015-07-16,23:46:36,19.07,-67.68,MONA PASSAGE,5154249,1437115596
2.9,68,2015-07-16,23:21:12,18.98,-67.67,MONA PASSAGE,5154250,1437114072
2.9,38,2015-07-16,22:54:32,19.01,-67.8,MONA PASSAGE,5154246,1437112472
2.9,26,2015-07-16,22:24:01,19.12,-67.84,MONA PASSAGE,5154233,1437110641
2.7,73,2015-07-16,22:13:02,18.98,-67.7,MONA PASSAGE,5154247,1437109982
2.9,87,2015-07-16,21:56:16,18.87,-67.52,MONA PASSAGE,5154232,1437108976
4,65,2015-07-16,19:34:36,18.99,-67.75,MONA PASSAGE,5150998,1437100476
4.2,34,2015-07-16,17:37:59,19.86,-64.37,VIRGIN ISLANDS,5150992,1437093479
5.1,19.4,2015-07-16,15:36:16,13.96,-58.44,NORTH ATLANTIC OCEAN,5150984,1437086176
6.5,10,2015-07-16,15:16:32,13.86,-58.55,NORTH ATLANTIC OCEAN,5150982,1437084992
5.7,13.4,2015-07-16,11:01:47,13.89,-58.49,NORTH ATLANTIC OCEAN,5150980,1437069707
4.3,10,2015-07-16,09:53:10,14.11,-89.83,GUATEMALA,5150977,1437065590
4.7,10,2015-07-16,06:21:56,55.34,-35.25,REYKJANES RIDGE,5150975,1437052916
2,5,2015-07-16,00:32:36,45.17,-67.23,MAINE,5152995,1437031956
3.7,10.2,2015-07-15,22:00:18,45.47,-74.54,"SOUTHERN ONTARIO, CANADA",5150944,1437022818
2.9,21,2015-07-15,14:02:30,18.94,-67.73,MONA PASSAGE,5151014,1436994150
2.8,3,2015-07-15,13:22:01,18.94,-67.68,MONA PASSAGE,5151015,1436991721
2.6,68,2015-07-15,13:09:40,18.95,-64.46,VIRGIN ISLANDS,5151016,1436990980
2.5,31,2015-07-15,13:07:26,18.88,-67.76,MONA PASSAGE,5151017,1436990846
4.3,50,2015-07-15,13:00:03,19.16,-67.78,MONA PASSAGE,5150928,1436990403
2.5,5.7,2015-07-15,12:21:13,36.54,-89.62,"NEW MADRID, MISSOURI REGION",5150921,1436988073
5.5,10,2015-07-15,11:25:59,27.35,65.97,PAKISTAN,5150920,1436984759
3.8,20.4,2015-07-15,08:30:38,43.37,28.57,BLACK SEA,5151018,1436974238
4,10,2015-07-15,07:38:49,35.72,4.56,NORTHERN ALGERIA,5150940,1436971129
2.6,17.9,2015-07-15,03:57:01,37.12,-89.36,"CAPE GIRARDEAU, MISSOURI REGION",5150922,1436957821
4.7,145.9,2015-07-14,23:26:57,6.81,-73,NORTHERN COLOMBIA,5150895,1436941617
4.1,220.7,2015-07-14,22:12:08,36.66,70.84,"HINDU KUSH REGION, AFGHANISTAN",5154257,1436937128
2.6,79,2015-07-14,18:08:16,18.2,-65.99,PUERTO RICO REGION,5151019,1436922496
3.1,47,2015-07-14,16:25:47,17.07,-67.54,MONA PASSAGE,5151020,1436916347
2.5,31,2015-07-14,15:22:58,18.87,-67.39,MONA PASSAGE,5151021,1436912578
4.7,88.5,2015-07-14,14:35:51,35.85,70.99,"HINDU KUSH REGION, AFGHANISTAN",5150884,1436909751
4.4,41.8,2015-07-14,12:29:14,37.72,77.87,"SOUTHERN XINJIANG, CHINA",5150871,1436902154
4.5,40.7,2015-07-14,06:07:24,37.43,78.19,"SOUTHERN XINJIANG, CHINA",5150862,1436879244
4.6,10,2015-07-13,23:44:44,11.87,46.26,WESTERN GULF OF ADEN,5150848,1436856284
4,147.9,2015-07-13,23:35:10,45.66,26.44,ROMANIA,5150849,1436855710
2.1,17.1,2015-07-13,19:27:27,45.19,-73.96,"SOUTHERN QUEBEC, CANADA",5150833,1436840847
4.8,10,2015-07-13,18:25:07,39.13,72.52,KYRGYZSTAN,5150830,1436837107
4.8,10,2015-07-13,16:52:28,12.1,46.23,WESTERN GULF OF ADEN,5150838,1436831548
4.8,10,2015-07-13,16:51:07,12.17,46.19,WESTERN GULF OF ADEN,5150832,1436831467
4.1,24,2015-07-13,12:54:41,19.06,-64.12,VIRGIN ISLANDS,5150815,1436817281
4.8,16.1,2015-07-13,11:30:51,11.92,46.32,WESTERN GULF OF ADEN,5150812,1436812251
5,14.3,2015-07-13,11:14:04,11.94,46.37,WESTERN GULF OF ADEN,5150811,1436811244
4.8,15.5,2015-07-13,11:12:58,11.79,46.36,WESTERN GULF OF ADEN,5150810,1436811178
4.5,101.4,2015-07-13,11:03:03,26.46,96.51,MYANMAR,5153615,1436810583
1.2,5.2,2015-07-13,02:38:59,45.19,-69.33,MAINE,5151023,1436780339
4.2,53.9,2015-07-13,01:46:25,35.71,73.73,NORTHWESTERN KASHMIR,5150787,1436777185
4.2,218.6,2015-07-12,23:20:25,36.61,70.83,"HINDU KUSH REGION, AFGHANISTAN",5150780,1436768425
4.1,210.7,2015-07-12,21:36:52,36.66,70.95,"HINDU KUSH REGION, AFGHANISTAN",5150770,1436762212
4.3,161.9,2015-07-12,16:45:54,37.25,71.91,AFGHANISTAN-TAJIKISTAN BORD REG.,5150764,1436744754
4.5,5,2015-07-12,16:10:10,37.78,21.78,SOUTHERN GREECE,5150759,1436742610
3.1,13,2015-07-12,13:13:08,18.1,-67.4,MONA PASSAGE,5151024,1436731988
4.4,10,2015-07-12,11:57:34,2.63,-84.51,OFF COAST OF CENTRAL AMERICA,5153607,1436727454
4.3,134.9,2015-07-12,09:47:04,-2.96,-75.59,PERU-ECUADOR BORDER REGION,5150746,1436719624
2,7.7,2015-07-12,06:20:39,36.21,-89.49,"NEW MADRID, MISSOURI REGION",5150761,1436707239
2.8,10.9,2015-07-12,04:17:38,47.48,-70.07,"SOUTHERN QUEBEC, CANADA",5150783,1436699858
2.8,127,2015-07-12,03:02:15,18.37,-66.15,PUERTO RICO REGION,5154059,1436695335
2.8,31,2015-07-12,02:14:04,19.02,-65.2,PUERTO RICO REGION,5154054,1436692444
3.7,76,2015-07-12,01:36:21,19.93,-63.99,LEEWARD ISLANDS,5154307,1436690181
4.6,52.7,2015-07-11,22:55:53,-3.87,-80.62,PERU-ECUADOR BORDER REGION,5150735,1436680553
4.3,56.2,2015-07-11,18:27:45,35.63,44.81,IRAQ,5150877,1436664465
4.6,86,2015-07-11,17:22:36,-2.28,-78.95,ECUADOR,5150726,1436660556
5,10,2015-07-11,07:32:21,13.87,-45.53,NORTHERN MID-ATLANTIC RIDGE,5150713,1436625141
4.1,196.6,2015-07-11,05:19:39,36.43,70.69,"HINDU KUSH REGION, AFGHANISTAN",5154389,1436617179
4.4,20.3,2015-07-11,00:53:28,7.3,-77.99,PANAMA-COLOMBIA BORDER REGION,5153656,1436601208
4.1,253.4,2015-07-11,00:34:13,36.66,71,"HINDU KUSH REGION, AFGHANISTAN",5153653,1436600053
4.2,10,2015-07-10,21:13:01,27.73,86.08,NEPAL,5150691,1436587981
2.2,9.1,2015-07-10,19:21:22,36.49,-89.56,"NEW MADRID, MISSOURI REGION",5150693,1436581282
4.6,7.1,2015-07-10,11:46:09,8.58,-83.13,COSTA RICA,5150681,1436553969
3.4,54,2015-07-10,07:10:52,18.86,-64.35,VIRGIN ISLANDS,5154334,1436537452
4.2,6.2,2015-07-10,00:31:58,41.13,74.19,KYRGYZSTAN,5153657,1436513518
4,10,2015-07-09,17:54:09,37.25,78.46,"SOUTHERN XINJIANG, CHINA",5150639,1436489649
2.6,107,2015-07-09,16:02:02,18.46,-64.66,VIRGIN ISLANDS,5151026,1436482922
5.6,47.5,2015-07-09,13:25:54,13.3,-90.25,NEAR COAST OF GUATEMALA,5150614,1436473554
4.2,61.6,2015-07-09,03:30:01,34.7,74.16,SOUTHWESTERN KASHMIR,5150592,1436437801
4,13.2,2015-07-08,22:14:02,37.57,29.59,TURKEY,5150578,1436418842
4.3,25.5,2015-07-08,18:42:38,27.48,65.74,PAKISTAN,5150584,1436406158
3.3,126,2015-07-08,15:25:31,18.1,-68.59,MONA PASSAGE,5154221,1436394331
2.2,7.2,2015-07-08,10:08:11,35.83,-90.02,ARKANSAS,5150565,1436375291
4.6,22.7,2015-07-08,02:43:35,40.09,77.8,KYRGYZSTAN-XINJIANG BORDER REG.,5150548,1436348615
3.7,13.7,2015-07-08,02:15:28,28.75,34.73,EGYPT,5151028,1436346928
4.3,10,2015-07-08,01:48:53,32.35,49.38,WESTERN IRAN,5150547,1436345333
5.3,34.3,2015-07-08,00:38:56,4.99,94.73,OFF W COAST OF NORTHERN SUMATERA,5150543,1436341136
2.5,13,2015-07-07,21:34:07,17.93,-66.12,PUERTO RICO REGION,5153591,1436330047
2.8,59,2015-07-07,15:28:33,18.51,-64.26,VIRGIN ISLANDS,5151029,1436308113
2.5,62,2015-07-07,15:24:50,18.77,-65.14,PUERTO RICO REGION,5151030,1436307890
2.6,35,2015-07-07,14:24:57,18.92,-65.26,PUERTO RICO REGION,5151031,1436304297
2.6,42,2015-07-07,14:23:39,18.93,-65.25,PUERTO RICO REGION,5151032,1436304219
3.2,18,2015-07-07,09:46:30,46.31,-75.08,"SOUTHERN QUEBEC, CANADA",5150537,1436287590
3,106,2015-07-07,08:47:05,18.31,-67.28,MONA PASSAGE,5153251,1436284025
4.3,216.1,2015-07-07,07:05:08,36.53,70.21,"HINDU KUSH REGION, AFGHANISTAN",5153046,1436277908
3.8,116,2015-07-06,23:59:20,18.26,-68.61,MONA PASSAGE,5151033,1436252360
4.3,20.7,2015-07-06,23:58:09,42.38,19.39,NORTHWESTERN BALKAN REGION,5150486,1436252289
4.6,25.9,2015-07-06,21:34:03,36.11,21.4,SOUTHERN GREECE,5150476,1436243643
4.2,10,2015-07-06,15:29:08,27.94,85.69,NEPAL,5150475,1436221748
4.7,163.4,2015-07-06,14:17:14,11.25,-85.68,NICARAGUA,5150459,1436217434
4.4,9.8,2015-07-06,13:42:17,42.46,19.43,NORTHWESTERN BALKAN REGION,5150462,1436215337
3.1,36,2015-07-06,12:55:08,18.82,-64.67,VIRGIN ISLANDS,5153034,1436212508
4.9,39.4,2015-07-06,11:17:48,-7.15,-80.51,OFF COAST OF NORTHERN PERU,5150454,1436206668
2.7,18,2015-07-06,02:14:48,46.67,-72.61,"SOUTHERN QUEBEC, CANADA",5150483,1436174088
3.9,178.2,2015-07-06,01:31:34,38.13,74.12,TAJIKISTAN-XINJIANG BORDER REG.,5150444,1436171494
3.7,19.4,2015-07-06,01:03:47,38.25,26.56,AEGEAN SEA,5151035,1436169827
2.1,9.8,2015-07-06,00:08:40,36.55,-89.57,"NEW MADRID, MISSOURI REGION",5150501,1436166520
4.3,215.2,2015-07-05,23:29:08,36.5,70.63,"HINDU KUSH REGION, AFGHANISTAN",5150440,1436164148
2.8,8,2015-07-05,17:55:46,19.03,-65.11,PUERTO RICO REGION,5153720,1436144146
3,49,2015-07-05,15:43:26,18.06,-66.26,PUERTO RICO REGION,5151036,1436136206
4.4,10,2015-07-05,15:12:09,37.51,78.18,"SOUTHERN XINJIANG, CHINA",5150432,1436134329
4.4,132.9,2015-07-05,14:26:48,45.7,26.65,ROMANIA,5150429,1436131608
2.8,62,2015-07-05,13:22:40,18.66,-65.74,PUERTO RICO REGION,5151038,1436127760
2.5,5.3,2015-07-05,11:03:08,36.14,-89.72,"NEW MADRID, MISSOURI REGION",5150425,1436119388
4.5,153.6,2015-07-05,08:54:21,6.82,-73.01,NORTHERN COLOMBIA,5150414,1436111661
4.4,131.7,2015-07-04,23:08:20,24.79,95.33,MYANMAR,5153585,1436076500
4.6,10,2015-07-04,20:09:38,-2.79,68.45,CARLSBERG RIDGE,5153566,1436065778
4.2,10,2015-07-04,19:05:17,6.41,-82.52,SOUTH OF PANAMA,5153561,1436061917
4.4,78.9,2015-07-04,11:29:26,-3.08,-79.59,NEAR COAST OF ECUADOR,5150377,1436034566
4.5,89.8,2015-07-04,04:00:05,11.93,-86.63,NEAR COAST OF NICARAGUA,5150365,1436007605
3.2,38,2015-07-04,02:57:54,17.85,-68.33,MONA PASSAGE,5153642,1436003874
4.2,10,2015-07-04,02:49:40,37.23,78.38,"SOUTHERN XINJIANG, CHINA",5153655,1436003380
4.2,10,2015-07-04,02:01:09,14.53,56.25,OWEN FRACTURE ZONE REGION,5154032,1436000469
4.7,10,2015-07-04,00:44:37,14.4,56.28,OWEN FRACTURE ZONE REGION,5150356,1435995877
4.3,10,2015-07-04,00:36:38,37.66,78.01,"SOUTHERN XINJIANG, CHINA",5151041,1435995398
4,110.1,2015-07-03,21:20:25,36.45,70.88,"HINDU KUSH REGION, AFGHANISTAN",5151047,1435983625
4.5,10,2015-07-03,20:04:08,27.71,84.93,NEPAL-INDIA BORDER REGION,5150398,1435979048
4.1,128.1,2015-07-03,15:18:05,36.58,71.22,AFGHANISTAN-TAJIKISTAN BORD REG.,5153699,1435961885
2.5,112,2015-07-03,14:45:47,18.07,-64.81,VIRGIN ISLANDS,5153697,1435959947
5.8,10,2015-07-03,03:16:35,11.44,95,"ANDAMAN ISLANDS, INDIA",5150330,1435918595
4.8,10,2015-07-03,03:11:12,37.41,78.26,"SOUTHERN XINJIANG, CHINA",5150327,1435918272
4.6,10,2015-07-03,02:37:26,37.63,78.03,"SOUTHERN XINJIANG, CHINA",5150325,1435916246
4.8,10,2015-07-03,02:20:31,11.39,94.93,"ANDAMAN ISLANDS, INDIA",5150324,1435915231
4.5,10,2015-07-03,02:12:48,0.43,-27.43,CENTRAL MID-ATLANTIC RIDGE,5150323,1435914768
4.7,10,2015-07-03,01:44:45,37.52,78.02,"SOUTHERN XINJIANG, CHINA",5150322,1435913085
4.4,10,2015-07-03,01:31:24,37.48,77.84,"SOUTHERN XINJIANG, CHINA",5150320,1435912284
6.1,20,2015-07-03,01:07:47,37.46,78.13,"SOUTHERN XINJIANG, CHINA",5150317,1435910867
4.9,42.6,2015-07-03,00:37:44,13.08,93.26,"ANDAMAN ISLANDS, INDIA",5150316,1435909064
5.4,10,2015-07-02,07:18:24,34.44,73.7,PAKISTAN,5150286,1435846704
4.2,10,2015-07-02,01:56:11,27.75,85.3,NEPAL,5150278,1435827371
2.2,5,2015-07-01,18:39:56,44.11,-66.22,"NOVA SCOTIA, CANADA",5150315,1435801196
3.4,5,2015-07-01,18:32:52,44.12,-66.29,"NOVA SCOTIA, CANADA",5150272,1435800772
2.6,20.2,2015-07-01,09:06:46,35.1,-85.49,TENNESSEE,5150255,1435766806
4.6,137.8,2015-07-01,05:55:25,6.85,-73.04,NORTHERN COLOMBIA,5150246,1435755325
3.3,5,2015-06-30,15:42:54,42.15,-85.05,MICHIGAN,5150220,1435704174
3.8,5,2015-06-30,06:44:07,32.97,-88.05,MISSISSIPPI,5150204,1435671847
4.6,10,2015-06-30,06:07:22,36.8,21.55,SOUTHERN GREECE,5150203,1435669642
2.1,0,2015-06-30,03:02:19,32.99,-88.06,MISSISSIPPI,5150216,1435658539
4.3,15.6,2015-06-29,22:47:54,2.41,92,OFF W COAST OF NORTHERN SUMATERA,5150195,1435643274
4.2,12.1,2015-06-29,22:20:55,45.99,27.2,ROMANIA,5150192,1435641655
5.5,189.5,2015-06-29,22:07:48,36.69,71.28,AFGHANISTAN-TAJIKISTAN BORD REG.,5150191,1435640868
4.3,15,2015-06-29,21:46:25,27.55,85.75,NEPAL,5150190,1435639585
2.3,4.7,2015-06-29,19:18:00,35.66,-89.63,TENNESSEE,5150185,1435630680
4,10,2015-06-29,17:42:43,27.88,85.73,NEPAL,5150188,1435624963
3.2,5,2015-06-29,13:23:01,32.56,-90.08,MISSISSIPPI,5150174,1435609381
2.3,1,2015-06-29,06:10:00,36.62,-77.26,NORTH CAROLINA,5150172,1435583400
4.2,10,2015-06-29,04:15:14,19.95,-70.37,DOMINICAN REPUBLIC REGION,5150157,1435576514
4.7,10,2015-06-28,23:57:17,28.17,85.81,NEPAL,5150148,1435561037
4.4,10,2015-06-28,15:21:51,39.26,72.37,KYRGYZSTAN,5150133,1435530111
3.3,9.5,2015-06-28,09:15:03,47.39,-70.08,"SOUTHERN QUEBEC, CANADA",5150121,1435508103
5.6,10,2015-06-28,01:05:26,26.68,90.39,NORTHEASTERN INDIA,5150112,1435478726
4.3,82.7,2015-06-27,18:37:20,36.52,71.15,AFGHANISTAN-TAJIKISTAN BORD REG.,5150089,1435455440
5.2,11.1,2015-06-27,15:34:02,29.03,34.7,EGYPT,5150083,1435444442
2.2,2.7,2015-06-27,05:08:29,37.95,-78,VIRGINIA,5150140,1435406909
4.1,121.1,2015-06-27,04:05:36,36.19,70.58,"HINDU KUSH REGION, AFGHANISTAN",5150102,1435403136
4.8,29.5,2015-06-26,17:41:59,36.47,69.3,"HINDU KUSH REGION, AFGHANISTAN",5150053,1435365719
4.4,35,2015-06-26,09:26:08,12.8,-88.61,OFF COAST OF CENTRAL AMERICA,5150048,1435335968
4.1,114.6,2015-06-26,03:02:05,11.03,-62.41,WINDWARD ISLANDS,5150015,1435312925
4,10,2015-06-25,15:22:19,27.81,85.28,NEPAL,5149999,1435270939
5.1,10,2015-06-25,02:53:13,8.32,-82.87,PANAMA-COSTA RICA BORDER REGION,5149960,1435225993
4.6,10.4,2015-06-25,01:21:24,17.37,40.51,RED SEA,5149957,1435220484
4.6,10,2015-06-25,00:13:28,7.98,-77.81,PANAMA-COLOMBIA BORDER REGION,5149955,1435216408
4.4,10,2015-06-24,21:05:25,17.35,40.42,RED SEA,5149952,1435205125
5.4,34.9,2015-06-24,19:12:54,41.77,88.44,"SOUTHERN XINJIANG, CHINA",5149936,1435198374
4.7,136.7,2015-06-24,08:37:14,36.6,27.12,DODECANESE ISLANDS,5149922,1435160234
4.4,10,2015-06-23,22:35:22,38.62,43.16,TURKEY,5149916,1435124122
4.5,10,2015-06-23,13:48:22,27.56,66.21,PAKISTAN,5149899,1435092502
4.4,16.7,2015-06-23,07:16:41,7.94,-77.94,PANAMA-COLOMBIA BORDER REGION,5149893,1435069001
4.6,10,2015-06-22,21:40:57,39.29,71.74,TAJIKISTAN,5149876,1435034457
4.2,200.1,2015-06-22,05:16:20,36.57,70.89,"HINDU KUSH REGION, AFGHANISTAN",5149851,1434975380
4.3,152.2,2015-06-22,00:25:27,6.82,-73.03,NORTHERN COLOMBIA,5149844,1434957927
4.8,68.8,2015-06-21,17:19:59,13.28,-89.75,EL SALVADOR,5149837,1434932399
4.3,101.2,2015-06-21,17:01:23,18.62,-69.01,DOMINICAN REPUBLIC REGION,5149832,1434931283
2.2,7.8,2015-06-21,10:59:40,36.5,-89.56,"NEW MADRID, MISSOURI REGION",5149825,1434909580
4.6,18,2015-06-21,07:27:35,10.05,-83.13,COSTA RICA,5149823,1434896855
4.4,10,2015-06-21,04:02:46,32.62,83.27,XIZANG,5149818,1434884566
4.1,220.8,2015-06-21,01:28:18,36.6,70.81,"HINDU KUSH REGION, AFGHANISTAN",5149812,1434875298
5,23.7,2015-06-20,19:52:45,34.37,26.19,CRETE,5149802,1434855165
4.5,31.5,2015-06-20,19:32:17,10.81,-86.65,OFF COAST OF COSTA RICA,5149801,1434853937
2.2,14.9,2015-06-20,14:40:28,44.36,-65.4,"NOVA SCOTIA, CANADA",5149816,1434836428
4.7,10,2015-06-20,12:23:05,28.59,82.64,NEPAL,5149788,1434828185
4.7,71.1,2015-06-18,16:58:42,12.67,-87.93,NEAR COAST OF NICARAGUA,5149698,1434671922
2.4,7.8,2015-06-17,11:12:51,47.36,-70.25,"SOUTHERN QUEBEC, CANADA",5149727,1434564771
2.4,22.4,2015-06-17,08:51:48,35.33,-84.66,TENNESSEE,5149646,1434556308
2.1,0,2015-06-17,05:19:54,32.98,-88.05,MISSISSIPPI,5149653,1434543594
4.4,10,2015-06-17,02:15:13,28.3,85.88,NEPAL,5149630,1434532513
4.3,22,2015-06-17,00:30:00,27.87,85.34,NEPAL,5149628,1434526200
4.3,10,2015-06-16,08:57:17,19.62,-70.3,DOMINICAN REPUBLIC REGION,5149584,1434470237
4.3,107.2,2015-06-15,18:17:02,36.4,71.37,AFGHANISTAN-TAJIKISTAN BORD REG.,5149554,1434417422
2.2,23.2,2015-06-15,14:28:04,36.54,-83.93,TENNESSEE,5149586,1434403684
4.3,97.7,2015-06-15,14:21:17,36.8,71.16,AFGHANISTAN-TAJIKISTAN BORD REG.,5149539,1434403277
4.8,10,2015-06-15,13:38:01,31.43,-41.13,NORTHERN MID-ATLANTIC RIDGE,5149538,1434400681
4.1,124.7,2015-06-14,23:51:14,35.16,70,"HINDU KUSH REGION, AFGHANISTAN",5149526,1434351074
4.1,203.9,2015-06-14,13:12:22,36.52,70.24,"HINDU KUSH REGION, AFGHANISTAN",5149513,1434312742
2.6,9.1,2015-06-14,13:11:54,36.29,-89.46,"NEW MADRID, MISSOURI REGION",5149510,1434312714
2,12.8,2015-06-14,07:24:53,35.51,-84.45,TENNESSEE,5149512,1434291893
2.6,7.6,2015-06-14,07:22:53,36.2,-89.43,"NEW MADRID, MISSOURI REGION",5149509,1434291773
4.1,154.2,2015-06-14,06:09:59,36.74,71.27,AFGHANISTAN-TAJIKISTAN BORD REG.,5149498,1434287399
4.8,14.4,2015-06-14,05:32:28,38.66,-29.08,AZORES ISLANDS,5149494,1434285148
4.8,10,2015-06-13,01:18:29,27.66,86.13,NEPAL,5149453,1434183509
2.6,5,2015-06-12,22:00:48,40.96,-84.76,OHIO,5149475,1434171648
4.4,44.7,2015-06-12,18:37:34,36.31,68.9,"HINDU KUSH REGION, AFGHANISTAN",5149439,1434159454
5.2,42,2015-06-12,18:29:29,13.99,93.59,"ANDAMAN ISLANDS, INDIA",5149433,1434158969
4.5,10,2015-06-12,06:57:51,28.13,57.22,SOUTHERN IRAN,5149412,1434117471
4.4,16.5,2015-06-11,19:37:05,28,84.62,NEPAL-INDIA BORDER REGION,5149397,1434076625
4.5,26.1,2015-06-11,18:43:58,10.08,-83.46,COSTA RICA,5149383,1434073438
4.8,24.8,2015-06-11,16:12:19,27.81,85.6,NEPAL,5149375,1434064339
2.5,6,2015-06-11,12:51:09,36.55,-89.55,"NEW MADRID, MISSOURI REGION",5149370,1434052269
4.4,186.8,2015-06-09,23:37:31,-1.57,-77.44,ECUADOR,5149281,1433918251
5.4,10,2015-06-09,21:49:46,34.99,26.71,CRETE,5149277,1433911786
2.1,5.7,2015-06-09,07:11:56,34.84,-86.05,ALABAMA,5149257,1433859116
4.6,167.7,2015-06-09,06:37:51,12.52,-86.79,NICARAGUA,5149249,1433857071
4.6,14.8,2015-06-09,02:22:54,16.87,39,ETHIOPIA,5149247,1433841774
5.2,5.7,2015-06-09,01:09:02,38.67,23.35,GREECE,5149245,1433837342
4.7,15.4,2015-06-08,22:20:42,34.19,26.23,CRETE,5149236,1433827242
2.2,7.3,2015-06-08,20:01:46,37.16,-89.34,"CAPE GIRARDEAU, MISSOURI REGION",5149227,1433818906
4.1,183,2015-06-08,13:49:47,18.58,-68.77,MONA PASSAGE,5149211,1433796587
5.1,10,2015-06-08,10:47:20,-2.56,67.94,CARLSBERG RIDGE,5149202,1433785640
4.4,198.4,2015-06-08,03:28:12,36.5,70.77,"HINDU KUSH REGION, AFGHANISTAN",5149190,1433759292
4.2,97.3,2015-06-07,13:03:52,10.31,-73.32,NORTHERN COLOMBIA,5149163,1433707432
4.8,26.7,2015-06-07,06:39:30,-6.65,-81.06,NEAR COAST OF NORTHERN PERU,5149154,1433684370
4.5,10,2015-06-06,21:56:45,6.5,-82.52,SOUTH OF PANAMA,5149141,1433653005
3,6.3,2015-06-06,18:09:35,32.94,-88,MISSISSIPPI,5149135,1433639375
4.4,67.9,2015-06-06,10:19:40,13.09,-88.8,EL SALVADOR,5149116,1433611180
2.3,16,2015-06-06,08:37:31,36.27,-83.68,TENNESSEE,5149129,1433605051
4,82.5,2015-06-05,05:43:32,19.01,-70.43,DOMINICAN REPUBLIC REGION,5149081,1433508212
4.2,237.5,2015-06-05,00:09:08,37.29,72.19,TAJIKISTAN,5149079,1433488148
4.8,10,2015-06-04,12:17:07,59.85,-29.99,REYKJANES RIDGE,5149059,1433445427
4.4,214.6,2015-06-04,06:53:00,36.53,69.98,"HINDU KUSH REGION, AFGHANISTAN",5149050,1433425980
4.6,10,2015-06-03,09:35:46,40.87,48.76,EASTERN CAUCASUS,5149016,1433349346
4.6,15,2015-06-02,14:04:21,38.15,20.45,GREECE,5148977,1433279061
5,119.3,2015-06-02,08:22:39,-3.99,-76.09,NORTHERN PERU,5148959,1433258559
4.8,141.7,2015-06-01,23:30:28,38.02,72.67,TAJIKISTAN,5148919,1433226628
3.2,74,2015-06-01,14:53:25,19.52,-66.06,PUERTO RICO REGION,5148900,1433195605
4.9,111.6,2015-06-01,14:41:07,36.09,70.36,"HINDU KUSH REGION, AFGHANISTAN",5148892,1433194867
5,80.3,2015-06-01,14:07:50,4.63,95.59,"NORTHERN SUMATERA, INDONESIA",5148880,1433192870
4.4,10,2015-06-01,00:02:29,29.87,50.71,SOUTHERN IRAN,5148829,1433142149
2,7.5,2015-05-31,21:10:00,36.32,-89.5,"NEW MADRID, MISSOURI REGION",5148895,1433131800
4.5,49.2,2015-05-31,16:55:52,33.32,71.44,PAKISTAN,5148810,1433116552
4.4,29.1,2015-05-31,12:48:30,30.19,69.82,PAKISTAN,5148785,1433101710
5.4,106.9,2015-05-30,20:36:18,38.43,73.03,TAJIKISTAN-XINJIANG BORDER REG.,5148747,1433043378
4.6,234.9,2015-05-30,16:44:19,36.45,71.07,AFGHANISTAN-TAJIKISTAN BORD REG.,5148735,1433029459
4.3,10,2015-05-30,16:28:15,27.42,84.62,NEPAL-INDIA BORDER REGION,5148732,1433028495
4.6,34.3,2015-05-30,14:23:30,2.2,-84.45,OFF COAST OF CENTRAL AMERICA,5148800,1433021010
2,5,2015-05-30,09:13:43,47.26,-66.32,"NEW BRUNSWICK, CANADA",5148938,1433002423
4.7,9.4,2015-05-30,06:48:28,11.71,43.16,ETHIOPIA,5148711,1432993708
5.3,31.9,2015-05-30,06:26:08,1.19,-79.36,NEAR COAST OF ECUADOR,5148709,1432992368
4.2,5.1,2015-05-30,01:56:17,40.14,21.78,GREECE,5148696,1432976177
4.4,10,2015-05-30,01:26:28,9.95,57.04,CARLSBERG RIDGE,5148694,1432974388
3.4,25.9,2015-05-30,00:41:14,38.46,-88.36,SOUTHERN ILLINOIS,5148693,1432971674
4.8,10,2015-05-30,00:04:45,34.58,90.99,"QINGHAI, CHINA",5148692,1432969485
4.8,10,2015-05-29,09:59:59,27.96,84.76,NEPAL-INDIA BORDER REGION,5148635,1432918799
4,10,2015-05-29,00:03:47,34.97,26.73,CRETE,5145751,1432883027
2.8,14,2015-05-28,22:39:46,18.74,-67.53,MONA PASSAGE,5146002,1432877986
4.2,20.7,2015-05-28,15:04:59,37.64,69.37,AFGHANISTAN-TAJIKISTAN BORD REG.,5135805,1432850699
2.1,0.6,2015-05-28,13:48:17,38.21,-87.42,SOUTHERN INDIANA,5132564,1432846097
4.5,10,2015-05-28,10:52:30,12.16,-88.25,OFF COAST OF CENTRAL AMERICA,5130039,1432835550
4.4,15.6,2015-05-28,06:04:23,34.55,90.97,"QINGHAI, CHINA",5129355,1432818263
2.7,39,2015-05-27,14:44:45,19.63,-65.12,PUERTO RICO REGION,5115131,1432763085
4,196.3,2015-05-27,13:29:27,36.57,70.9,"HINDU KUSH REGION, AFGHANISTAN",5115127,1432758567
1.4,5.2,2015-05-27,11:25:40,45.24,-68,MAINE,5121623,1432751140
4.4,10,2015-05-27,07:30:58,27.41,84.76,NEPAL-INDIA BORDER REGION,5115880,1432737058
2.3,3.3,2015-05-27,03:56:13,43.41,-79.19,"SOUTHERN ONTARIO, CANADA",5115114,1432724173
4.4,20,2015-05-26,17:53:05,40.27,21.54,GREECE,5114913,1432687985
4.3,67.8,2015-05-26,17:24:13,24.25,93.98,MYANMAR-INDIA BORDER REGION,5114908,1432686253
4.5,33.8,2015-05-26,17:07:16,28.11,85.07,NEPAL,5114907,1432685236
3,9,2015-05-26,15:41:03,53.12,-4.36,UNITED KINGDOM,5115059,1432680063
3.8,10,2015-05-26,14:15:30,27.26,85.1,NEPAL,5115064,1432674930
4.1,7.6,2015-05-26,02:50:28,9.93,-83.92,COSTA RICA,5115045,1432633828
4.6,15.1,2015-05-26,01:20:36,40.66,46.95,EASTERN CAUCASUS,5114852,1432628436
4.1,204.1,2015-05-25,22:26:22,36.62,70.96,"HINDU KUSH REGION, AFGHANISTAN",5114847,1432617982
3,53,2015-05-25,15:53:57,18.91,-67.94,MONA PASSAGE,5140063,1432594437
3.8,80,2015-05-25,14:15:31,18.22,-68.26,MONA PASSAGE,5140061,1432588531
5.1,10,2015-05-24,23:59:47,7.34,-36.39,CENTRAL MID-ATLANTIC RIDGE,5114773,1432537187
3,36,2015-05-24,23:58:17,18.77,-66.5,PUERTO RICO REGION,5148763,1432537097
4.3,10,2015-05-24,21:38:41,28.15,84.67,NEPAL,5114768,1432528721
2.3,5,2015-05-24,18:12:27,43.29,-71.61,VERMONT-NEW HAMPSHIRE REGION,5114755,1432516347
2.5,3,2015-05-24,16:10:35,18.36,-67.33,MONA PASSAGE,5137161,1432509035
4.5,10,2015-05-24,15:14:57,50.68,91.41,RUSSIA-MONGOLIA BORDER REGION,5137159,1432505697
2.1,16,2015-05-23,20:22:08,45.08,-74.23,"SOUTHERN ONTARIO, CANADA",5114722,1432437728
2.1,4.5,2015-05-23,07:12:22,32.97,-88.03,MISSISSIPPI,5114699,1432390342
4.3,6.5,2015-05-22,22:09:17,35.02,26.82,CRETE,5114631,1432357757
4.3,10,2015-05-22,19:07:41,29.8,81.69,NEPAL,5114621,1432346861
4.2,10,2015-05-22,11:45:46,27.44,85.96,NEPAL,5114584,1432320346
4.7,10,2015-05-22,10:59:33,28.01,84.97,NEPAL,5114574,1432317573
2,5.7,2015-05-22,04:45:00,44.5,-70.31,MAINE,5114554,1432295100
4,10,2015-05-22,01:52:16,51.33,1.38,UNITED KINGDOM,5114542,1432284736
2.3,7.9,2015-05-21,22:25:47,32.95,-88.07,MISSISSIPPI,5114594,1432272347
4.6,17.5,2015-05-21,15:31:19,37.74,19.93,IONIAN SEA,5114515,1432247479
4.5,30.5,2015-05-21,13:48:08,1.87,96.98,OFF W COAST OF NORTHERN SUMATERA,5114505,1432241288
4.2,68.8,2015-05-21,13:25:28,11.17,-61.98,WINDWARD ISLANDS,5114496,1432239928
5.1,59,2015-05-21,02:42:08,3.84,95.92,OFF W COAST OF NORTHERN SUMATERA,5114419,1432201328
5,42.2,2015-05-20,22:34:33,-3.11,-77.48,PERU-ECUADOR BORDER REGION,5114406,1432186473
2,3.6,2015-05-20,15:32:44,35.91,-89.95,TENNESSEE,5148935,1432161164
4.3,17.3,2015-05-20,13:19:19,29.82,67.46,PAKISTAN,5114373,1432153159
4.4,10,2015-05-20,09:02:32,27.31,85.03,NEPAL,5114355,1432137752
5.5,11.2,2015-05-20,03:31:42,38.66,70.16,AFGHANISTAN-TAJIKISTAN BORD REG.,5114333,1432117902
4.4,16.4,2015-05-19,20:26:48,37.44,57.75,TURKMENISTAN-IRAN BORDER REGION,5114374,1432092408
4.4,36.7,2015-05-19,18:34:02,0.84,97.09,"NORTHERN SUMATERA, INDONESIA",5114306,1432085642
3,40,2015-05-19,16:31:09,19.06,-67.95,MONA PASSAGE,5114301,1432078269
4.1,10,2015-05-19,10:59:30,27.73,85.8,NEPAL,5114275,1432058370
3.9,10,2015-05-19,01:06:40,41.76,19.17,ALBANIA,5114261,1432022800
3.9,38,2015-05-18,23:17:21,19.21,-69.85,DOMINICAN REPUBLIC REGION,5114253,1432016241
4,10,2015-05-18,23:13:58,34.52,25.05,CRETE,5114763,1432016038
2.7,9,2015-05-18,23:05:32,18.09,-64.98,VIRGIN ISLANDS,5114764,1432015532
4.4,10,2015-05-18,22:49:50,27.55,85.87,NEPAL,5114230,1432014590
3,13,2015-05-18,22:43:34,18.05,-65.37,PUERTO RICO REGION,5148943,1432014214
4.4,48.7,2015-05-18,20:41:02,34.66,24.99,CRETE,5114226,1432006862
4.2,50.8,2015-05-18,18:35:13,36.72,21.49,SOUTHERN GREECE,5114225,1431999313
4.3,27,2015-05-18,16:46:35,34.16,73.77,PAKISTAN,5114216,1431992795
2.6,32,2015-05-18,15:31:14,19.12,-66.6,PUERTO RICO REGION,5114207,1431988274
4.3,40.4,2015-05-18,14:10:02,11.96,-88.82,OFF COAST OF CENTRAL AMERICA,5114203,1431983402
2.4,1.4,2015-05-18,09:13:47,33.56,-82.9,"GEORGIA, USA",5114195,1431965627
4.9,10,2015-05-18,05:49:11,2.38,66.8,CARLSBERG RIDGE,5114183,1431953351
2.8,59,2015-05-18,04:38:26,18.74,-66.53,PUERTO RICO REGION,5148929,1431949106
3.4,165,2015-05-18,01:52:10,19.69,-66,PUERTO RICO REGION,5148922,1431939130
3,58,2015-05-17,16:25:45,19.12,-64.98,VIRGIN ISLANDS,5114150,1431905145
5.1,15.4,2015-05-17,11:16:52,23.97,61.24,OFF COAST OF PAKISTAN,5114120,1431886612
4.3,10,2015-05-17,05:45:37,27.49,85.77,NEPAL,5114093,1431866737
4.7,24.9,2015-05-17,04:08:48,34.52,26.29,CRETE,5114091,1431860928
1.4,5,2015-05-17,02:06:48,41.73,-72.93,SOUTHERN NEW ENGLAND,5114178,1431853608
4.4,10,2015-05-16,23:15:25,27.67,85.92,NEPAL,5114080,1431843325
4,22.4,2015-05-16,18:43:16,35.01,26.81,CRETE,5114300,1431826996
5.7,10,2015-05-16,11:34:10,27.55,86.08,NEPAL,5114043,1431801250
4.5,10,2015-05-16,09:00:55,5.45,-72.9,COLOMBIA,5114029,1431792055
4.7,10,2015-05-16,03:39:26,27.61,85.68,NEPAL,5114011,1431772766
5.1,144.8,2015-05-16,01:19:50,-7.83,-74.4,PERU-BRAZIL BORDER REGION,5113996,1431764390
3.1,81,2015-05-15,21:37:24,18.94,-66.54,PUERTO RICO REGION,5114759,1431751044
4.1,22.3,2015-05-15,21:15:13,31.08,67.87,AFGHANISTAN,5113974,1431749713
3.1,26,2015-05-15,19:21:57,19.17,-66.59,PUERTO RICO REGION,5113961,1431742917
3.5,12.4,2015-05-15,05:35:47,45.85,12.08,NORTHERN ITALY,5114153,1431693347
4.9,10,2015-05-15,01:42:42,27.93,84.72,NEPAL-INDIA BORDER REGION,5113871,1431679362
2.5,9,2015-05-14,17:08:10,18.07,-67.31,MONA PASSAGE,5113845,1431648490
5.3,17.6,2015-05-14,16:01:21,24.08,61.2,OFF COAST OF PAKISTAN,5113825,1431644481
3.8,10,2015-05-14,14:36:42,28.27,85.65,NEPAL,5113862,1431639402
4.6,69.2,2015-05-14,14:16:49,13.99,-60.4,WINDWARD ISLANDS,5113820,1431638209
5.1,52.3,2015-05-14,14:08:17,10.96,-86.25,OFF COAST OF COSTA RICA,5113818,1431637697
5,6.4,2015-05-13,21:38:05,27.68,86.03,NEPAL,5113731,1431578285
4.3,10,2015-05-13,20:27:17,27.89,57.51,SOUTHERN IRAN,5113730,1431574037
2.6,28,2015-05-13,17:28:34,18.15,-67.16,MONA PASSAGE,5113727,1431563314
4,15.2,2015-05-13,15:44:17,38.12,20.35,GREECE,5148847,1431557057
4.5,47.5,2015-05-13,14:35:18,26.77,62.52,SOUTHWESTERN PAKISTAN,5113712,1431552918
4,10,2015-05-13,10:59:41,27.83,85.99,NEPAL,5113690,1431539981
4.7,10,2015-05-13,06:53:00,27.73,86.14,NEPAL,5113670,1431525180
4.4,10,2015-05-13,06:37:29,27.63,85.97,NEPAL,5113669,1431524249
4.8,10,2015-05-13,06:26:07,27.68,86.14,NEPAL,5113668,1431523567
4.1,10,2015-05-13,02:43:47,27.62,86.33,NEPAL,5148838,1431510227
4.1,10,2015-05-13,02:23:10,27.67,86.23,NEPAL,5113658,1431508990
4.3,85.5,2015-05-13,01:14:03,4.04,96.28,"NORTHERN SUMATERA, INDONESIA",5113650,1431504843
2.8,36,2015-05-12,22:53:30,18.86,-64.27,VIRGIN ISLANDS,5148705,1431496410
5.2,10,2015-05-12,21:25:12,27.78,84.59,NEPAL-INDIA BORDER REGION,5113627,1431491112
4,7.7,2015-05-12,20:44:28,27.82,86.22,NEPAL,5113713,1431488668
4.2,25.1,2015-05-12,20:22:17,27.64,85.16,NEPAL,5113630,1431487337
4.6,6.4,2015-05-12,19:37:40,27.7,86.1,NEPAL,5113710,1431484660
4.3,6,2015-05-12,19:34:58,27.68,86.09,NEPAL,5113708,1431484498
4.8,2.5,2015-05-12,17:28:38,27.53,86.16,NEPAL,5113571,1431476918
4.4,7.8,2015-05-12,16:55:23,27.73,85.97,NEPAL,5113566,1431474923
4.4,13.7,2015-05-12,15:28:20,27.75,86.27,NEPAL,5113564,1431469700
4.5,178.7,2015-05-12,14:11:08,-1.47,-77.74,ECUADOR,5113551,1431465068
4.4,10,2015-05-12,13:43:17,27.76,85.86,NEPAL,5113549,1431463397
4.3,10,2015-05-12,12:28:22,27.58,85.99,NEPAL,5113540,1431458902
4.2,10,2015-05-12,11:58:09,27.46,85.94,NEPAL,5113536,1431457089
4.2,10,2015-05-12,11:21:30,27.7,86.14,NEPAL,5113535,1431454890
4.5,10,2015-05-12,10:35:40,27.78,86.08,NEPAL,5113533,1431452140
4.3,10,2015-05-12,10:15:06,27.8,86.09,NEPAL,5113531,1431450906
4.6,10,2015-05-12,09:15:30,37.41,69.65,AFGHANISTAN-TAJIKISTAN BORD REG.,5113528,1431447330
4.3,4,2015-05-12,08:59:39,27.79,86.16,NEPAL,5113946,1431446379
4,10,2015-05-12,08:52:30,28.01,86.34,XIZANG,5114879,1431445950
4.3,10,2015-05-12,08:51:32,27.65,86.21,NEPAL,5114875,1431445892
4,10,2015-05-12,08:39:07,27.74,86.01,NEPAL,5114872,1431445147
4.4,10,2015-05-12,08:35:36,27.7,86.21,NEPAL,5114871,1431444936
4.3,16.3,2015-05-12,08:34:24,28.19,86.01,XIZANG,5114870,1431444864
4.8,10,2015-05-12,08:24:23,27.71,86.04,NEPAL,5114869,1431444263
5.2,15,2015-05-12,08:21:10,27.73,86.13,NEPAL,5113523,1431444070
5.1,15,2015-05-12,08:13:54,27.76,85.76,NEPAL,5113522,1431443634
4.3,10,2015-05-12,08:11:22,27.47,85.73,NEPAL,5114810,1431443482
5,15,2015-05-12,08:06:05,27.72,86.02,NEPAL,5113521,1431443165
4.2,10,2015-05-12,08:05:25,27.92,86.14,NEPAL,5114807,1431443125
4.5,10,2015-05-12,07:57:17,27.74,86.56,NEPAL,5114805,1431442637
4.9,10,2015-05-12,07:48:51,27.72,86.26,NEPAL,5114800,1431442131
4.9,10,2015-05-12,07:47:46,27.56,86.04,NEPAL,5114798,1431442066
4.9,13.9,2015-05-12,07:43:17,27.63,86.26,NEPAL,5113943,1431441797
6.3,15,2015-05-12,07:36:53,27.61,86.17,NEPAL,5113518,1431441413
5.4,10,2015-05-12,07:34:22,27.75,86.24,NEPAL,5113520,1431441262
4.1,10,2015-05-12,07:33:09,27.75,86.01,NEPAL,5114740,1431441189
5,10,2015-05-12,07:23:32,27.56,86.26,NEPAL,5114735,1431440612
4.8,10,2015-05-12,07:22:15,27.58,86.23,NEPAL,5114734,1431440535
4.9,10,2015-05-12,07:20:47,27.31,86.24,NEPAL,5114730,1431440447
5.5,12.1,2015-05-12,07:17:20,27.73,86.22,NEPAL,5113516,1431440240
7.3,15,2015-05-12,07:05:19,27.82,86.08,NEPAL,5113514,1431439519
4.7,9.8,2015-05-12,06:10:58,37.43,69.67,AFGHANISTAN-TAJIKISTAN BORD REG.,5113513,1431436258
1.6,7.3,2015-05-12,03:28:14,43.01,-71.79,VERMONT-NEW HAMPSHIRE REGION,5113644,1431426494
3.5,2,2015-05-12,02:02:50,45.87,12.06,NORTHERN ITALY,5113624,1431421370
4,6.8,2015-05-11,23:40:51,39.99,33.24,TURKEY,5113495,1431412851
2.7,26,2015-05-11,23:25:43,18.67,-65,VIRGIN ISLANDS,5114252,1431411943
2.6,44,2015-05-11,23:09:08,19.11,-64.32,VIRGIN ISLANDS,5114247,1431410948
4.1,212.4,2015-05-11,22:43:11,36.49,70.3,"HINDU KUSH REGION, AFGHANISTAN",5113493,1431409391
4.7,10,2015-05-11,18:25:50,39.53,89.61,"SOUTHERN XINJIANG, CHINA",5113569,1431393950
5.3,10,2015-05-11,17:42:02,-7.75,67.82,MID-INDIAN RIDGE,5113475,1431391322
4.5,109,2015-05-11,16:29:08,-8.1,-76.11,CENTRAL PERU,5113471,1431386948
4.3,10,2015-05-11,14:50:59,27.91,85.91,NEPAL,5113466,1431381059
2.5,9.8,2015-05-11,08:41:16,38.63,-83.69,KENTUCKY,5113544,1431358876
4.6,24.9,2015-05-11,08:26:29,37.28,16.85,IONIAN SEA,5113452,1431357989
2.2,5.2,2015-05-11,07:47:15,34.96,-85.13,ALABAMA,5113445,1431355635
4.3,10,2015-05-11,05:01:59,35,26.91,CRETE,5113432,1431345719
4.3,35,2015-05-11,03:24:12,12.57,-89.28,OFF COAST OF CENTRAL AMERICA,5121866,1431339852
4,10,2015-05-11,03:20:36,28.01,85.83,NEPAL,5121621,1431339636
4.5,40,2015-05-11,03:10:03,10.41,-86.17,OFF COAST OF COSTA RICA,5119275,1431339003
4.3,62,2015-05-10,21:32:47,34.95,25.29,CRETE,5113403,1431318767
4.3,10,2015-05-10,15:50:41,30.44,49.7,WESTERN IRAN,5113391,1431298241
3.2,111,2015-05-10,12:25:57,18.7,-67.77,MONA PASSAGE,5114676,1431285957
4.3,10,2015-05-10,09:38:32,27.45,85.59,NEPAL,5113416,1431275912
3.2,7,2015-05-10,04:27:38,12.01,-86.21,NICARAGUA,5113414,1431257258
4.4,154.3,2015-05-10,03:47:19,36.42,70.59,"HINDU KUSH REGION, AFGHANISTAN",5113322,1431254839
4.2,101.5,2015-05-10,03:18:11,36.18,71.18,AFGHANISTAN-TAJIKISTAN BORD REG.,5113320,1431253091
4,10,2015-05-10,00:49:53,27.64,86.08,NEPAL,5113412,1431244193
4.8,40.7,2015-05-09,14:31:50,11.53,-72.11,NEAR NORTH COAST OF COLOMBIA,5113275,1431207110
1.3,5,2015-05-09,12:41:57,44.82,-69.66,MAINE,5113318,1431200517
4.6,213.7,2015-05-09,08:22:42,38.64,15.31,SICILY,5113245,1431184962
2.5,10.6,2015-05-09,01:19:38,35.01,-85.18,TENNESSEE,5113220,1431159578
4,10,2015-05-08,21:23:27,27.96,85.03,NEPAL,5113406,1431145407
4,207.2,2015-05-08,20:23:55,38.03,74.25,TAJIKISTAN-XINJIANG BORDER REG.,5113285,1431141835
3.2,132,2015-05-08,19:50:16,18.34,-64.5,VIRGIN ISLANDS,5113278,1431139816
3.9,7.7,2015-05-08,19:14:48,41.77,33.41,TURKEY,5113276,1431137688
4.1,10,2015-05-08,07:47:54,27.82,85.94,NEPAL,5113401,1431096474
5.9,34.4,2015-05-08,03:12:20,1.55,97.87,"NORTHERN SUMATERA, INDONESIA",5113167,1431079940
4.6,29.4,2015-05-08,03:02:33,13.71,92.68,"ANDAMAN ISLANDS, INDIA",5113168,1431079353
4.9,11.6,2015-05-08,00:32:33,27.64,85.98,NEPAL,5113157,1431070353
4.3,10,2015-05-08,00:25:00,28.86,51.81,SOUTHERN IRAN,5113154,1431069900
3.4,10,2015-05-07,16:30:47,27.82,85.46,NEPAL,5113131,1431041447
4.2,27.1,2015-05-07,16:23:55,1.36,96.99,OFF W COAST OF NORTHERN SUMATERA,5148755,1431041035
4.5,38.6,2015-05-07,16:21:31,1.29,97.09,"NORTHERN SUMATERA, INDONESIA",5113126,1431040891
4.9,30.6,2015-05-07,16:15:19,1.38,97.07,"NORTHERN SUMATERA, INDONESIA",5113124,1431040519
4.7,51,2015-05-07,14:46:25,-8,-77.64,CENTRAL PERU,5113111,1431035185
3.1,34,2015-05-07,04:58:54,18.92,-64.36,VIRGIN ISLANDS,5148830,1430999934
3.2,37,2015-05-07,03:53:18,18.92,-64.22,VIRGIN ISLANDS,5148825,1430995998
2.8,35,2015-05-07,03:49:16,18.61,-65.13,PUERTO RICO REGION,5148824,1430995756
4.3,101.5,2015-05-07,03:13:59,36.19,71.04,AFGHANISTAN-TAJIKISTAN BORD REG.,5148819,1430993639
2.9,36,2015-05-07,03:04:36,18.91,-64.32,VIRGIN ISLANDS,5148612,1430993076
3.5,10,2015-05-06,21:56:28,27.6,85.17,NEPAL,5113028,1430974588
3.8,10,2015-05-06,15:13:19,27.63,85.59,NEPAL,5113017,1430950399
4.4,37,2015-05-06,03:49:54,34.72,25.02,CRETE,5115090,1430909394
5,8.6,2015-05-05,21:28:30,35.32,58.41,NORTHERN IRAN,5112879,1430886510
3,39,2015-05-05,18:22:25,19.21,-66.4,PUERTO RICO REGION,5113022,1430875345
4.3,32.1,2015-05-05,17:04:11,0.12,97,OFF W COAST OF NORTHERN SUMATERA,5148662,1430870651
3.1,57,2015-05-05,03:40:30,18.62,-64.01,VIRGIN ISLANDS,5115070,1430822430
3.2,34,2015-05-04,23:35:11,18.84,-64.2,VIRGIN ISLANDS,5113430,1430807711
4.6,10,2015-05-04,21:07:32,-3.88,-12.09,NORTH OF ASCENSION ISLAND,5113754,1430798852
4.8,10,2015-05-04,21:02:45,-3.83,-12.19,NORTH OF ASCENSION ISLAND,5112773,1430798565
4.3,10,2015-05-04,17:47:12,11.99,48,EASTERN GULF OF ADEN,5112767,1430786832
4.1,10,2015-05-04,12:17:13,27.79,86.02,NEPAL,5112779,1430767033
4.8,10,2015-05-04,11:30:35,26.3,61.14,SOUTHERN IRAN,5112723,1430764235
4.7,10,2015-05-04,11:02:34,-0.99,-13.12,NORTH OF ASCENSION ISLAND,5112725,1430762554
4.7,45.9,2015-05-04,04:07:38,34.45,25.12,CRETE,5112704,1430737658
3,40,2015-05-04,04:06:12,18.7,-67.62,MONA PASSAGE,5113735,1430737572
2.6,8,2015-05-04,03:34:32,17.92,-65.19,PUERTO RICO REGION,5113734,1430735672
4.3,164.1,2015-05-04,02:10:29,6.78,-73.03,NORTHERN COLOMBIA,5113647,1430730629
4.5,10,2015-05-04,01:15:07,27.63,85.97,NEPAL,5112684,1430727307
4.2,23.2,2015-05-04,00:42:02,38.26,21.57,GREECE,5113427,1430725322
4.2,10,2015-05-03,23:14:15,27.73,85.88,NEPAL,5112675,1430720055
3.1,33,2015-05-03,22:38:05,19.16,-64.63,VIRGIN ISLANDS,5114249,1430717885
4.3,30.9,2015-05-03,20:43:38,25.09,62.85,SOUTHWESTERN PAKISTAN,5112660,1430711018
4.2,10,2015-05-03,16:46:18,35.04,26.9,CRETE,5112645,1430696778
2.9,16,2015-05-03,11:45:25,19.16,-64.59,VIRGIN ISLANDS,5114024,1430678725
4.3,10,2015-05-03,11:35:11,27.7,84.93,NEPAL-INDIA BORDER REGION,5112674,1430678111
4.2,32.5,2015-05-03,05:43:14,35.28,87.5,XIZANG,5112608,1430656994
5.1,10,2015-05-03,04:17:40,8.95,-40.48,CENTRAL MID-ATLANTIC RIDGE,5112598,1430651860
3,5,2015-05-03,01:08:35,32.57,-90.11,MISSISSIPPI,5112592,1430640515
3.2,5,2015-05-03,00:39:23,32.57,-90.08,MISSISSIPPI,5112591,1430638763
4.2,10,2015-05-02,21:44:10,27.69,85.92,NEPAL,5112584,1430628250
4,5.9,2015-05-02,16:23:07,42.21,-85.43,MICHIGAN,5112561,1430608987
4,10,2015-05-02,12:45:58,40.88,32.46,TURKEY,5112551,1430595958
2.1,13.8,2015-05-02,12:02:26,36.77,-83.65,TENNESSEE,5112555,1430593346
4.7,146.3,2015-05-02,09:51:44,6.89,-73.14,NORTHERN COLOMBIA,5112538,1430585504
2.7,18.1,2015-05-02,08:34:26,46.85,-78.78,"SOUTHERN QUEBEC, CANADA",5112580,1430580866
5,13.9,2015-05-02,08:23:44,34.33,25.72,CRETE,5112535,1430580224
4.5,229.4,2015-05-02,08:01:09,36.61,71.16,AFGHANISTAN-TAJIKISTAN BORD REG.,5112534,1430578869
5,10,2015-05-02,05:35:46,28.27,84.62,NEPAL,5112525,1430570146
3.3,20.7,2015-05-02,01:43:13,41.51,-8.44,PORTUGAL,5112668,1430556193
2.9,6.6,2015-05-01,23:41:31,36.23,-89.42,"NEW MADRID, MISSOURI REGION",5112507,1430548891
3.9,10,2015-05-01,22:10:10,27.64,85.57,NEPAL,5112526,1430543410
2.9,66,2015-05-01,19:34:37,19.18,-64.4,VIRGIN ISLANDS,5112559,1430534077
3.3,101,2015-05-01,19:04:05,19.73,-64.73,VIRGIN ISLANDS,5112499,1430532245
2.8,49,2015-05-01,17:44:00,18.99,-65.14,PUERTO RICO REGION,5112494,1430527440
2.5,29,2015-05-01,17:18:31,18.9,-64.98,VIRGIN ISLANDS,5112492,1430525911
4.6,10.2,2015-05-01,17:16:03,5.49,-82.64,SOUTH OF PANAMA,5112491,1430525763
4.1,210.3,2015-05-01,15:09:58,36.42,70.72,"HINDU KUSH REGION, AFGHANISTAN",5112478,1430518198
5.3,26.9,2015-05-01,08:58:41,10.7,91.98,"ANDAMAN ISLANDS, INDIA",5112455,1430495921
4.5,51.5,2015-05-01,07:42:39,-2.98,-80.42,NEAR COAST OF ECUADOR,5112456,1430491359
4.8,10,2015-04-30,19:21:18,26.24,94.81,NORTHEASTERN INDIA,5112397,1430446878
3.8,10,2015-04-30,17:34:37,27.52,85.38,NEPAL,5112398,1430440477
1.7,7.2,2015-04-30,09:59:55,43.26,-71.75,VERMONT-NEW HAMPSHIRE REGION,5112347,1430413195
2.2,9.8,2015-04-30,06:53:04,35.56,-84.47,TENNESSEE,5112367,1430401984
4.7,10,2015-04-30,06:29:56,38.52,-29.16,AZORES ISLANDS,5112338,1430400596
2.1,8.7,2015-04-30,04:10:51,36.49,-89.54,"NEW MADRID, MISSOURI REGION",5112373,1430392251
4.3,10,2015-04-30,00:37:10,27.92,84.62,NEPAL-INDIA BORDER REGION,5112309,1430379430
4.5,10,2015-04-29,22:10:52,28.41,87.27,XIZANG,5112295,1430370652
4.3,10,2015-04-29,17:16:35,27.85,85.67,NEPAL,5112306,1430352995
4.4,10,2015-04-29,11:27:44,27.86,85.42,NEPAL,5112251,1430332064
5,31.4,2015-04-29,11:22:42,11.91,-88.93,OFF COAST OF CENTRAL AMERICA,5112249,1430331762
2.1,5.6,2015-04-29,08:11:22,43.49,-71.57,VERMONT-NEW HAMPSHIRE REGION,5112248,1430320282
4.9,10,2015-04-29,02:37:46,27.47,53.39,SOUTHERN IRAN,5112200,1430300266
4.4,68.6,2015-04-29,01:25:22,13.42,-89.36,EL SALVADOR,5112311,1430295922
4.3,56.7,2015-04-28,20:06:42,9.5,-78.88,PANAMA,5112175,1430276802
3,54,2015-04-28,19:18:14,19.12,-64.59,VIRGIN ISLANDS,5112382,1430273894
3.1,62,2015-04-28,17:23:51,19.11,-64.62,VIRGIN ISLANDS,5112379,1430267031
4,12.3,2015-04-28,16:16:50,44.55,17.6,NORTHWESTERN BALKAN REGION,5112144,1430263010
3.2,39,2015-04-28,14:29:29,18.33,-64.25,VIRGIN ISLANDS,5112132,1430256569
5.3,100,2015-04-28,11:19:52,-2.15,-79.67,NEAR COAST OF ECUADOR,5112120,1430245192
4.6,74.3,2015-04-28,07:33:23,10.27,-84.65,COSTA RICA,5112113,1430231603
4.6,166.2,2015-04-28,05:03:25,37.3,71.94,AFGHANISTAN-TAJIKISTAN BORD REG.,5112109,1430222605
4.3,10,2015-04-27,23:20:28,27.88,85.2,NEPAL,5112090,1430202028
4.3,10,2015-04-27,21:27:41,27.76,85.68,NEPAL,5112069,1430195261
3.9,10,2015-04-27,21:14:57,27.69,85.25,NEPAL,5112078,1430194497
4.3,10,2015-04-27,20:21:55,31.8,83.53,XIZANG,5112075,1430191315
4.8,20,2015-04-27,18:59:56,28,84.75,NEPAL,5112071,1430186396
4.5,10,2015-04-27,15:51:46,27.64,85.06,NEPAL,5112059,1430175106
4.1,10,2015-04-27,14:57:00,27.82,85.92,NEPAL,5112055,1430171820
4.4,84.1,2015-04-27,14:27:37,12.36,-87.04,NEAR COAST OF NICARAGUA,5112053,1430170057
4.5,10,2015-04-27,14:16:29,34.98,26.83,CRETE,5112052,1430169389
2.5,22,2015-04-27,13:18:53,18.06,-65.64,PUERTO RICO REGION,5112060,1430165933
5.1,29.4,2015-04-27,12:35:52,26.83,88.11,INDIA-BANGLADESH BORDER REGION,5112035,1430163352
4.7,34.7,2015-04-27,05:34:33,26.45,53.49,SOUTHERN IRAN,5112020,1430138073
4.2,10,2015-04-27,00:39:16,27.61,84.92,NEPAL-INDIA BORDER REGION,5111999,1430120356
5.4,14.7,2015-04-26,23:35:28,-8.31,-79.83,NEAR COAST OF NORTHERN PERU,5111993,1430116528
4.6,10,2015-04-26,22:32:34,27.46,85.62,NEPAL,5111989,1430112754
4.4,10,2015-04-26,20:39:20,27.97,85.8,NEPAL,5111980,1430105960
4.2,10,2015-04-26,18:54:49,28.06,84.78,NEPAL,5111981,1430099689
2.8,28,2015-04-26,16:49:14,19.08,-67.75,MONA PASSAGE,5111977,1430092154
2.8,33,2015-04-26,16:42:41,19.05,-64.71,VIRGIN ISLANDS,5111976,1430091761
5.3,10,2015-04-26,16:26:05,27.76,85.77,NEPAL,5111963,1430090765
4.4,17.6,2015-04-26,14:57:05,28.12,84.67,NEPAL,5111968,1430085425
4.6,10,2015-04-26,14:44:49,27.53,85.75,NEPAL,5111967,1430084689
4.5,10,2015-04-26,13:11:15,27.76,85.37,NEPAL,5111951,1430079075
4.3,10,2015-04-26,09:37:28,29.19,51.29,SOUTHERN IRAN,5111929,1430066248
4.5,10,2015-04-26,08:46:16,27.84,85.69,NEPAL,5111927,1430063176
4.6,10,2015-04-26,08:40:55,27.59,85.68,NEPAL,5111926,1430062855
4.7,10,2015-04-26,07:36:26,27.72,85.93,NEPAL,5111924,1430058986
5,10,2015-04-26,07:26:04,27.71,85.83,NEPAL,5111923,1430058364
6.7,17.3,2015-04-26,07:09:10,27.78,86,NEPAL,5111920,1430057350
4.4,10,2015-04-26,04:58:39,27.84,84.69,NEPAL-INDIA BORDER REGION,5111916,1430049519
4.4,10,2015-04-26,03:21:35,27.46,85.54,NEPAL,5112496,1430043695
4.6,10,2015-04-26,02:48:39,28.16,84.61,NEPAL,5111910,1430041719
4.5,10,2015-04-25,23:41:52,27.56,85.94,NEPAL,5111884,1430030512
5.6,10,2015-04-25,23:16:15,27.81,84.87,NEPAL-INDIA BORDER REGION,5111881,1430028975
4.3,10,2015-04-25,23:12:52,27.56,86.01,NEPAL,5111912,1430028772
2.1,5,2015-04-25,23:09:56,45.33,-66.58,"NEW BRUNSWICK, CANADA",5112429,1430028596
1.5,5,2015-04-25,22:06:47,45.34,-66.59,"NEW BRUNSWICK, CANADA",5111906,1430024807
4.7,10,2015-04-25,21:07:17,27.73,85.73,NEPAL,5111876,1430021237
4.7,12,2015-04-25,20:37:46,8.22,-83.38,COSTA RICA,5111872,1430019466
4.4,10,2015-04-25,20:32:48,27.56,85.76,NEPAL,5111878,1430019168
4.2,10,2015-04-25,18:58:34,27.68,85.37,NEPAL,5111877,1430013514
5.4,10,2015-04-25,17:42:50,28.26,85.77,NEPAL,5111867,1430008970
4.9,10,2015-04-25,16:27:21,27.91,85.62,NEPAL,5111861,1430004441
4.6,10,2015-04-25,14:10:02,27.58,85.66,NEPAL,5111853,1429996202
4.6,10,2015-04-25,13:36:14,27.75,85.89,NEPAL,5111851,1429994174
4.6,10,2015-04-25,13:30:28,28.11,85.07,NEPAL,5111850,1429993828
5.2,10,2015-04-25,12:44:04,28.15,84.66,NEPAL,5111846,1429991044
4.5,10,2015-04-25,12:17:55,28,85.56,NEPAL,5111848,1429989475
4.2,10,2015-04-25,12:01:13,28.04,85.49,NEPAL,5111844,1429988473
4.4,10,2015-04-25,10:53:43,27.77,85.87,NEPAL,5111842,1429984423
4.8,10,2015-04-25,10:40:35,27.57,85.84,NEPAL,5111839,1429983635
4.2,10,2015-04-25,10:23:19,27.87,85.76,NEPAL,5111838,1429982599
5,10,2015-04-25,09:30:29,27.99,85.44,NEPAL,5111834,1429979429
5.7,10,2015-04-25,09:17:02,28.43,87.34,XIZANG,5111831,1429978622
4.9,10,2015-04-25,09:03:15,27.87,85.31,NEPAL,5111830,1429977795
5.3,10,2015-04-25,08:55:55,27.64,85.5,NEPAL,5111829,1429977355
4.4,10,2015-04-25,08:49:09,27.76,84.89,NEPAL-INDIA BORDER REGION,5111915,1429976949
5,10,2015-04-25,08:29:24,27.99,84.71,NEPAL-INDIA BORDER REGION,5111828,1429975764
4.7,10,2015-04-25,08:20:11,27.95,85.72,NEPAL,5111827,1429975211
4.9,10,2015-04-25,08:16:59,27.67,85.69,NEPAL,5111825,1429975019
4.6,10,2015-04-25,08:05:37,27.73,85.73,NEPAL,5111824,1429974337
5,10,2015-04-25,07:47:01,27.85,85.56,NEPAL,5111819,1429973221
4.5,10,2015-04-25,07:39:33,27.67,85.75,NEPAL,5111823,1429972773
